#Annotated with Bakta v1.12.0, https://github.com/oschwengers/bakta
#Database v6.0, https://doi.org/10.5281/zenodo.4247252
#Sequence Id	Start	Stop	Strand	Locus Tag	Mol Weight [kDa]	Iso El. Point	Pfam hits	Dbxrefs
SRR35809155_ctg370	2	490	+	EIDGLC_00001	16.5	6.3		
SRR35809155_ctg370	20445	21212	+	EIDGLC_00013	26.7	9.5		
SRR35809155_ctg370	45818	46066	-	EIDGLC_00036	9.2	9.5	PF13710.12|ACT_5	PFAM:PF13710.12
SRR35809155_ctg370	50677	50829	-	EIDGLC_00040	5.2	11.5		
SRR35809155_ctg370	51046	52314	+	EIDGLC_00041	47.5	9.0	PF00685.33|Sulfotransfer_1, PF13469.12|Sulfotransfer_3	PFAM:PF00685.33, PFAM:PF13469.12
SRR35809155_ctg370	55150	56403	+	EIDGLC_00045	45.3	9.8		
SRR35809155_ctg370	58631	59233	+	EIDGLC_00048	22.5	9.6	PF01047.28|MarR, PF13463.12|HTH_27, PF22381.2|Staph_reg_Sar_Rot	PFAM:PF01047.28, PFAM:PF13463.12, PFAM:PF22381.2
SRR35809155_ctg370	65675	65794	+	EIDGLC_00054	4.0	5.9		
SRR35809155_ctg370	72752	73354	+	EIDGLC_00064	22.4	10.0		
SRR35809155_ctg370	75715	76353	-	EIDGLC_00067	22.0	11.3		
SRR35809155_ctg370	79115	79486	+	EIDGLC_00072	13.8	4.8		
SRR35809155_ctg370	80102	80635	-	EIDGLC_00074	19.4	5.6		
SRR35809155_ctg370	80650	80769	-	EIDGLC_00075	4.1	4.1		
SRR35809155_ctg370	81928	82437	+	EIDGLC_00077	17.8	8.8	PF12682.12|Flavodoxin_4	PFAM:PF12682.12
SRR35809155_ctg370	83308	84039	+	EIDGLC_00079	26.0	8.8		
SRR35809155_ctg370	90642	91541	-	EIDGLC_00086	31.6	5.8	PF00582.32|Usp	PFAM:PF00582.32
SRR35809155_ctg370	91738	92316	+	EIDGLC_00087	22.0	8.9		SO:0001217, UniRef:UniRef50_A7IF58
SRR35809155_ctg370	92329	92628	-	EIDGLC_00088	10.7	9.0		
SRR35809155_ctg370	92701	93339	-	EIDGLC_00089	22.6	7.0	PF08240.17|ADH_N	PFAM:PF08240.17
SRR35809155_ctg370	93453	93662	+	EIDGLC_00090	7.3	9.9		
SRR35809155_ctg370	94507	94788	-	EIDGLC_00092	9.9	8.0		
SRR35809155_ctg370	94947	95543	-	EIDGLC_00093	22.1	5.6	PF00440.29|TetR_N, PF14246.11|TetR_C_7	PFAM:PF00440.29, PFAM:PF14246.11
SRR35809155_ctg370	95616	96251	-	EIDGLC_00094	23.4	5.4	PF00440.29|TetR_N, PF14246.11|TetR_C_7	PFAM:PF00440.29, PFAM:PF14246.11
SRR35809155_ctg370	100766	100972	+	EIDGLC_00098	7.3	8.5		
SRR35809155_ctg370	100984	101613	+	EIDGLC_00099	22.7	6.1	PF02798.26|GST_N, PF13409.12|GST_N_2, PF13417.12|GST_N_3	PFAM:PF02798.26, PFAM:PF13409.12, PFAM:PF13417.12
SRR35809155_ctg370	101610	102296	+	EIDGLC_00100	24.3	11.3	PF00440.29|TetR_N, PF17920.6|TetR_C_16	PFAM:PF00440.29, PFAM:PF17920.6
SRR35809155_ctg370	102406	102993	+	EIDGLC_00101	20.6	4.1	PF13505.12|OMP_b-brl	PFAM:PF13505.12
SRR35809155_ctg370	103091	103588	+	EIDGLC_00102	18.0	7.9		
SRR35809155_ctg370	103758	104051	+	EIDGLC_00103	11.0	9.7	PF10544.15|T5orf172	PFAM:PF10544.15
SRR35809155_ctg370	104077	104352	+	EIDGLC_00104	10.2	8.0		
SRR35809155_ctg370	105204	105605	-	EIDGLC_00105	14.4	5.7		
SRR35809155_ctg370	105703	106248	-	EIDGLC_00106	20.0	9.2	PF05838.17|Glyco_hydro_108, PF09374.15|PG_binding_3	PFAM:PF05838.17, PFAM:PF09374.15
SRR35809155_ctg370	106277	106495	-	EIDGLC_00107	7.6	8.1		
SRR35809155_ctg370	106492	106764	-	EIDGLC_00108	9.8	10.1		
SRR35809155_ctg370	106871	107935	+	EIDGLC_00109	38.5	9.9		
SRR35809155_ctg370	107932	108147	-	EIDGLC_00110	7.6	8.3		
SRR35809155_ctg370	108180	110099	-	EIDGLC_00111	64.7	6.0		
SRR35809155_ctg370	110096	110482	-	EIDGLC_00112	13.6	4.1		
SRR35809155_ctg370	110538	110705	+	EIDGLC_00113	6.4	8.3		
SRR35809155_ctg370	110691	113393	-	EIDGLC_00114	93.1	5.5		
SRR35809155_ctg370	113378	114520	-	EIDGLC_00115	39.8	5.9		
SRR35809155_ctg370	114593	115168	-	EIDGLC_00116	20.5	8.8		
SRR35809155_ctg370	115168	115473	-	EIDGLC_00117	11.2	7.0		
SRR35809155_ctg370	115490	115696	-	EIDGLC_00118	7.7	8.2		
SRR35809155_ctg370	115693	117156	-	EIDGLC_00119	53.0	4.6		
SRR35809155_ctg370	117159	117782	-	EIDGLC_00120	20.8	4.6		
SRR35809155_ctg370	117779	118363	-	EIDGLC_00121	21.2	4.9		
SRR35809155_ctg370	118360	118707	-	EIDGLC_00122	13.0	5.9		
SRR35809155_ctg370	118704	118946	-	EIDGLC_00123	8.7	5.0		
SRR35809155_ctg370	119965	120948	-	EIDGLC_00125	35.4	4.5		
SRR35809155_ctg370	121002	121247	-	EIDGLC_00126	8.3	4.8		
SRR35809155_ctg370	121244	123412	-	EIDGLC_00127	79.9	4.9		
SRR35809155_ctg370	123412	123663	-	EIDGLC_00128	8.7	4.1		
SRR35809155_ctg370	124912	125382	-	EIDGLC_00130	17.7	5.6		
SRR35809155_ctg370	125447	125611	-	EIDGLC_00131	5.6	4.3		
SRR35809155_ctg370	125947	126528	-	EIDGLC_00132	21.6	9.0	PF02357.24|NusG	PFAM:PF02357.24
SRR35809155_ctg370	126522	126734	-	EIDGLC_00133	7.6	4.7		
SRR35809155_ctg370	127051	127755	-	EIDGLC_00134	26.1	6.5		
SRR35809155_ctg370	128293	128883	-	EIDGLC_00135	21.6	10.0	PF08299.17|Bac_DnaA_C	PFAM:PF08299.17
SRR35809155_ctg370	128880	129251	-	EIDGLC_00136	13.1	9.7		
SRR35809155_ctg370	129248	129580	-	EIDGLC_00137	12.2	8.2	PF01726.22|LexA_DNA_bind	PFAM:PF01726.22
SRR35809155_ctg370	129804	130016	-	EIDGLC_00138	7.9	9.5		
SRR35809155_ctg370	130013	130147	-	EIDGLC_00139	4.7	9.4		
SRR35809155_ctg370	130235	130603	-	EIDGLC_00140	14.0	8.1		
SRR35809155_ctg370	130624	131460	-	EIDGLC_00141	30.5	11.2		
SRR35809155_ctg370	131457	131639	-	EIDGLC_00142	6.3	9.4		
SRR35809155_ctg370	131722	132105	+	EIDGLC_00143	14.6	9.4		
SRR35809155_ctg370	132698	133471	+	EIDGLC_00144	27.0	5.4	PF00805.28|Pentapeptide, PF13576.12|Pentapeptide_3, PF13599.12|Pentapeptide_4	PFAM:PF00805.28, PFAM:PF13576.12, PFAM:PF13599.12
SRR35809155_ctg370	133471	133710	+	EIDGLC_00145	8.9	5.1		
SRR35809155_ctg370	133750	134121	+	EIDGLC_00146	13.4	4.7		
SRR35809155_ctg370	134118	134483	+	EIDGLC_00147	13.1	4.4		
SRR35809155_ctg370	134480	134740	+	EIDGLC_00148	9.2	5.7		
SRR35809155_ctg370	134737	134946	+	EIDGLC_00149	7.5	11.0		
SRR35809155_ctg370	134943	135155	+	EIDGLC_00150	7.8	6.0		
SRR35809155_ctg370	135406	136164	+	EIDGLC_00151	26.7	7.0		
SRR35809155_ctg370	137320	137826	+	EIDGLC_00154	17.9	7.0		
SRR35809155_ctg370	138584	138874	+	EIDGLC_00156	10.5	4.2		
SRR35809155_ctg370	138936	139688	+	EIDGLC_00157	26.8	6.5	PF05175.20|MTS	PFAM:PF05175.20
SRR35809155_ctg370	139854	140297	+	EIDGLC_00158	15.7	5.3		
SRR35809155_ctg370	140294	140623	+	EIDGLC_00159	11.8	6.4		
SRR35809155_ctg370	140625	141101	+	EIDGLC_00160	16.7	8.4		
SRR35809155_ctg370	141106	141351	+	EIDGLC_00161	9.3	10.5		
SRR35809155_ctg370	141348	142340	+	EIDGLC_00162	34.6	4.8		
SRR35809155_ctg370	142337	142564	+	EIDGLC_00163	8.2	6.4		
SRR35809155_ctg370	142564	143379	+	EIDGLC_00164	30.2	6.0		
SRR35809155_ctg370	143376	143705	+	EIDGLC_00165	11.9	5.4		
SRR35809155_ctg370	143785	144378	+	EIDGLC_00166	21.7	5.0		
SRR35809155_ctg370	144452	145072	+	EIDGLC_00167	22.2	7.1		
SRR35809155_ctg370	150036	150461	-	EIDGLC_00175	14.6	6.1		SO:0001217, UniRef:UniRef50_A0A0Q7E5H2
SRR35809155_ctg370	150497	150967	-	EIDGLC_00176	16.6	6.1		
SRR35809155_ctg370	156478	157416	+	EIDGLC_00184	31.5	10.0	PF03448.22|MgtE_N	PFAM:PF03448.22
SRR35809155_ctg370	160885	161514	+	EIDGLC_00189	22.6	5.2		
SRR35809155_ctg370	161524	161733	-	EIDGLC_00190	7.7	4.7		
SRR35809155_ctg370	166002	166679	-	EIDGLC_00196	24.8	6.6		
SRR35809155_ctg370	167071	167646	+	EIDGLC_00198	20.6	7.0		
SRR35809155_ctg370	169266	170663	-	EIDGLC_00201	48.4	4.4	PF00959.24|Phage_lysozyme	PFAM:PF00959.24
SRR35809155_ctg370	188451	188633	+	EIDGLC_00217	6.4	11.8		SO:0001217, UniRef:UniRef50_A0A948UVD0
SRR35809155_ctg370	192884	193054	+	EIDGLC_00224	6.3	4.6	PF03884.20|YacG	PFAM:PF03884.20
SRR35809155_ctg370	194013	194915	+	EIDGLC_00227	30.7	5.2		
SRR35809155_ctg370	200246	200614	+	EIDGLC_00234	12.8	5.6	PF03992.22|ABM	PFAM:PF03992.22
SRR35809155_ctg370	211603	212520	-	EIDGLC_00245	32.0	9.2	PF08032.17|SpoU_sub_bind	PFAM:PF08032.17
SRR35809155_ctg370	214239	214775	+	EIDGLC_00249	19.9	6.5		
SRR35809155_ctg370	215932	216102	-	EIDGLC_00251	5.9	5.3		SO:0001217, UniRef:UniRef50_A0A0Q7EFY1
SRR35809155_ctg370	219512	220399	+	EIDGLC_00255	29.1	4.8	PF10988.14|DUF2807	PFAM:PF10988.14
SRR35809155_ctg370	229543	229740	+	EIDGLC_00275	7.2	10.5	PF00327.25|Ribosomal_L30	PFAM:PF00327.25
SRR35809155_ctg370	229958	230551	+	EIDGLC_00276	20.8	11.0	PF00828.25|Ribosomal_L27A	PFAM:PF00828.25
SRR35809155_ctg370	232694	233407	+	EIDGLC_00279	24.4	11.2		
SRR35809155_ctg370	239102	239566	+	EIDGLC_00286	17.0	5.4	PF13508.13|Acetyltransf_7, PF13673.13|Acetyltransf_10	PFAM:PF13508.13, PFAM:PF13673.13
SRR35809155_ctg370	239823	240236	+	EIDGLC_00287	15.2	4.5		
SRR35809155_ctg370	247201	247647	+	EIDGLC_00295	16.5	6.7		
SRR35809155_ctg370	247644	248087	+	EIDGLC_00296	16.4	7.8		
SRR35809155_ctg370	258576	260009	-	EIDGLC_00310	52.3	5.7		
SRR35809155_ctg370	260268	260591	+	EIDGLC_00311	12.0	11.0		
SRR35809155_ctg370	261406	261891	+	EIDGLC_00312	16.7	5.3		
SRR35809155_ctg370	263067	263825	+	EIDGLC_00315	26.0	5.3	PF00106.31|adh_short, PF13561.12|adh_short_C2	PFAM:PF00106.31, PFAM:PF13561.12
SRR35809155_ctg370	280585	281070	-	EIDGLC_00331	16.9	7.7	PF00034.26|Cytochrom_C	PFAM:PF00034.26
SRR35809155_ctg370	281218	281526	+	EIDGLC_00332	11.2	5.4	PF04023.20|FeoA	PFAM:PF04023.20
SRR35809155_ctg370	283729	284250	-	EIDGLC_00335	17.7	11.4		
SRR35809155_ctg370	285180	286778	-	EIDGLC_00337	55.0	5.5	PF20308.4|TPR-S	PFAM:PF20308.4
SRR35809155_ctg370	286778	287425	-	EIDGLC_00338	24.1	6.6		
SRR35809155_ctg370	287422	289011	-	EIDGLC_00339	58.9	6.5	PF08937.16|ThsB_TIR, PF13676.11|TIR_2	PFAM:PF08937.16, PFAM:PF13676.11
SRR35809155_ctg370	289173	290021	+	EIDGLC_00340	31.8	5.4		
SRR35809155_ctg370	290118	290699	+	EIDGLC_00341	21.0	8.0		
SRR35809155_ctg370	338096	339427	+	EIDGLC_00372	46.1	9.3		
SRR35809155_ctg370	349785	350819	-	EIDGLC_00379	34.9	9.7	PF13533.12|Biotin_lipoyl_2, PF16576.10|HlyD_D23	PFAM:PF13533.12, PFAM:PF16576.10
SRR35809155_ctg370	355056	355238	-	EIDGLC_00385	6.6	5.0		
SRR35809155_ctg370	356595	357074	-	EIDGLC_00387	17.7	5.3	PF12680.13|SnoaL_2	PFAM:PF12680.13
SRR35809155_ctg370	360643	360741	+	EIDGLC_00393	3.3	10.7		
SRR35809155_ctg370	369437	369706	-	EIDGLC_00402	9.4	8.0	PF01381.28|HTH_3	PFAM:PF01381.28
SRR35809155_ctg370	387349	387939	+	EIDGLC_00422	20.9	7.1		
SRR35809155_ctg370	393772	394749	-	EIDGLC_00429	35.3	5.7	PF01436.27|NHL, PF07494.17|Reg_prop, PF08450.18|SGL, PF24684.1|Vgb_lyase	PFAM:PF01436.27, PFAM:PF07494.17, PFAM:PF08450.18, PFAM:PF24684.1
SRR35809155_ctg370	395232	395648	+	EIDGLC_00431	15.2	5.3		SO:0001217, UniRef:UniRef50_D9QLF9
SRR35809155_ctg370	398417	398836	+	EIDGLC_00437	14.4	4.8		
SRR35809155_ctg370	399842	400609	+	EIDGLC_00439	26.8	5.4	PF09976.15|TPR_21	PFAM:PF09976.15
SRR35809155_ctg370	404962	405378	+	EIDGLC_00443	14.0	10.8		
SRR35809155_ctg370	415191	417398	-	EIDGLC_00454	80.4	9.3	PF00270.35|DEAD, PF00271.37|Helicase_C, PF03880.21|DbpA	PFAM:PF00270.35, PFAM:PF00271.37, PFAM:PF03880.21
SRR35809155_ctg370	423663	424415	-	EIDGLC_00459	28.2	11.3		
SRR35809155_ctg370	424779	425576	-	EIDGLC_00460	29.2	5.7	PF00165.29|HTH_AraC, PF12833.13|HTH_18	PFAM:PF00165.29, PFAM:PF12833.13
SRR35809155_ctg370	426031	426498	+	EIDGLC_00461	17.4	4.8	PF13474.12|SnoaL_3, PF14534.12|DUF4440	PFAM:PF13474.12, PFAM:PF14534.12
SRR35809155_ctg370	426601	428199	-	EIDGLC_00462	57.8	8.5	PF13181.12|TPR_8, PF13428.12|TPR_14, PF13432.12|TPR_16, PF13759.12|2OG-FeII_Oxy_5, PF14559.12|TPR_19	PFAM:PF13181.12, PFAM:PF13428.12, PFAM:PF13432.12, PFAM:PF13759.12, PFAM:PF14559.12
SRR35809155_ctg370	431670	432473	+	EIDGLC_00464	28.3	8.6		
SRR35809155_ctg370	433324	433770	-	EIDGLC_00466	16.1	4.9	PF12973.13|Cupin_7	PFAM:PF12973.13
SRR35809155_ctg370	434410	434799	-	EIDGLC_00468	13.7	11.2		
SRR35809155_ctg370	434793	435236	-	EIDGLC_00469	16.1	5.6	PF00293.34|NUDIX	PFAM:PF00293.34
SRR35809155_ctg370	435233	435922	-	EIDGLC_00470	24.0	11.0	PF07298.16|NnrU	PFAM:PF07298.16
SRR35809155_ctg370	436055	436558	-	EIDGLC_00471	17.8	9.8		
SRR35809155_ctg370	436621	437226	-	EIDGLC_00472	22.1	9.5	PF00440.29|TetR_N	PFAM:PF00440.29
SRR35809155_ctg370	437328	437744	+	EIDGLC_00473	15.5	5.3	PF12680.13|SnoaL_2	PFAM:PF12680.13
SRR35809155_ctg370	437767	437934	-	EIDGLC_00474	5.9	6.7		
SRR35809155_ctg370	438005	439774	-	EIDGLC_00475	62.0	8.3	PF00072.30|Response_reg, PF00512.31|HisKA, PF02518.31|HATPase_c	PFAM:PF00072.30, PFAM:PF00512.31, PFAM:PF02518.31
SRR35809155_ctg370	441130	442176	+	EIDGLC_00477	37.1	11.5		
SRR35809155_ctg370	443153	443551	-	EIDGLC_00479	14.6	11.1		SO:0001217, UniRef:UniRef50_A0A0N9IIR1
SRR35809155_ctg370	444500	444937	-	EIDGLC_00480	16.2	6.3		SO:0001217, UniRef:UniRef50_A0A534GIU7
SRR35809155_ctg370	444934	445137	-	EIDGLC_00481	7.5	5.5		
SRR35809155_ctg370	446859	447065	-	EIDGLC_00483	7.6	6.6		
SRR35809155_ctg370	448824	449015	-	EIDGLC_00485	7.5	5.8		
SRR35809155_ctg370	449065	450444	-	EIDGLC_00486	47.4	5.4		
SRR35809155_ctg370	454598	455164	-	EIDGLC_00491	19.7	5.7	PF00440.29|TetR_N	PFAM:PF00440.29
SRR35809155_ctg370	456349	457194	+	EIDGLC_00493	30.2	5.8	PF08241.18|Methyltransf_11, PF08242.18|Methyltransf_12, PF13489.12|Methyltransf_23, PF13649.12|Methyltransf_25, PF13847.12|Methyltransf_31	PFAM:PF08241.18, PFAM:PF08242.18, PFAM:PF13489.12, PFAM:PF13649.12, PFAM:PF13847.12
SRR35809155_ctg370	457350	457793	+	EIDGLC_00494	16.2	6.7		
SRR35809155_ctg370	459385	459630	-	EIDGLC_00496	8.7	5.1		
SRR35809155_ctg370	463377	463562	+	EIDGLC_00501	6.8	10.9		
SRR35809155_ctg370	464120	464305	+	EIDGLC_00503	6.6	11.5		
SRR35809155_ctg370	467559	468137	-	EIDGLC_00508	20.0	8.1		
SRR35809155_ctg370	468162	468542	-	EIDGLC_00509	12.3	9.1		
SRR35809155_ctg370	468697	468798	-	EIDGLC_00510	3.6	6.7		
SRR35809155_ctg370	470376	472448	+	EIDGLC_00512	75.4	4.9	PF00593.30|TonB_dep_Rec_b-barrel, PF07715.20|Plug	PFAM:PF00593.30, PFAM:PF07715.20
SRR35809155_ctg370	472456	473877	+	EIDGLC_00513	50.6	10.0	PF12679.13|ABC2_membrane_2	PFAM:PF12679.13
SRR35809155_ctg370	473874	475319	+	EIDGLC_00514	52.1	9.8	PF12679.13|ABC2_membrane_2	PFAM:PF12679.13
SRR35809155_ctg370	476184	478199	+	EIDGLC_00516	72.5	4.9	PF00593.30|TonB_dep_Rec_b-barrel, PF07715.20|Plug	PFAM:PF00593.30, PFAM:PF07715.20
SRR35809155_ctg370	479433	480443	-	EIDGLC_00518	34.6	5.0	PF00400.38|WD40, PF12894.13|ANAPC4_WD40, PF23383.1|Beta-prop_IFT140_1st	PFAM:PF00400.38, PFAM:PF12894.13, PFAM:PF23383.1
SRR35809155_ctg370	480440	480934	-	EIDGLC_00519	17.6	8.3		
SRR35809155_ctg370	480944	483022	-	EIDGLC_00520	75.7	5.2	PF00593.30|TonB_dep_Rec_b-barrel, PF07715.20|Plug	PFAM:PF00593.30, PFAM:PF07715.20
SRR35809155_ctg370	483031	484629	-	EIDGLC_00521	57.0	9.8		
SRR35809155_ctg370	484626	485687	-	EIDGLC_00522	38.3	5.9	PF02492.25|cobW, PF07683.19|CobW_C	PFAM:PF02492.25, PFAM:PF07683.19
SRR35809155_ctg370	489398	489856	-	EIDGLC_00525	15.8	9.2		
SRR35809155_ctg370	491846	492577	+	EIDGLC_00528	26.1	5.2		
SRR35809155_ctg370	493449	493880	+	EIDGLC_00529	15.6	5.0	PF04940.18|BLUF	PFAM:PF04940.18
SRR35809155_ctg370	494266	494628	+	EIDGLC_00530	12.7	6.1		
SRR35809155_ctg370	494811	495176	+	EIDGLC_00531	13.5	10.9	PF08281.18|Sigma70_r4_2	PFAM:PF08281.18
SRR35809155_ctg370	495178	495480	+	EIDGLC_00532	10.4	10.1		
SRR35809155_ctg370	495544	496035	+	EIDGLC_00533	18.4	4.6	PF14534.12|DUF4440	PFAM:PF14534.12
SRR35809155_ctg370	496250	497815	-	EIDGLC_00534	58.0	5.4	PF00144.29|Beta-lactamase, PF13428.12|TPR_14	PFAM:PF00144.29, PFAM:PF13428.12
SRR35809155_ctg370	497907	499055	-	EIDGLC_00535	41.8	11.1	PF00165.29|HTH_AraC, PF12833.13|HTH_18	PFAM:PF00165.29, PFAM:PF12833.13
SRR35809155_ctg370	499351	500466	-	EIDGLC_00536	40.3	5.5	PF00144.29|Beta-lactamase	PFAM:PF00144.29
SRR35809155_ctg370	500996	501403	+	EIDGLC_00537	14.4	4.7	PF00072.30|Response_reg	PFAM:PF00072.30
SRR35809155_ctg370	511888	512370	+	EIDGLC_00545	16.9	8.8	PF09917.15|DUF2147	PFAM:PF09917.15
SRR35809155_ctg370	513691	514926	+	EIDGLC_00547	42.7	10.5	PF00364.28|Biotin_lipoyl, PF13533.12|Biotin_lipoyl_2, PF16576.10|HlyD_D23	PFAM:PF00364.28, PFAM:PF13533.12, PFAM:PF16576.10
SRR35809155_ctg370	518031	518846	+	EIDGLC_00549	28.4	6.8		
SRR35809155_ctg370	518843	520042	+	EIDGLC_00550	42.7	9.4		
SRR35809155_ctg370	533811	534407	-	EIDGLC_00560	21.4	5.7	PF08241.18|Methyltransf_11, PF08242.18|Methyltransf_12, PF13489.12|Methyltransf_23, PF13649.12|Methyltransf_25	PFAM:PF08241.18, PFAM:PF08242.18, PFAM:PF13489.12, PFAM:PF13649.12
SRR35809155_ctg370	534404	534877	-	EIDGLC_00561	16.6	8.5		
SRR35809155_ctg370	534937	535764	+	EIDGLC_00562	29.8	6.9	PF10544.15|T5orf172	PFAM:PF10544.15
SRR35809155_ctg370	535761	536948	+	EIDGLC_00563	41.8	5.1	PF00266.25|Aminotran_5	PFAM:PF00266.25
SRR35809155_ctg370	542248	544590	+	EIDGLC_00567	87.7	6.4	PF02518.31|HATPase_c, PF13589.12|HATPase_c_3	PFAM:PF02518.31, PFAM:PF13589.12
SRR35809155_ctg370	544587	546524	+	EIDGLC_00568	69.8	5.3		
SRR35809155_ctg370	559344	559463	-	EIDGLC_00576	4.3	9.7		
SRR35809155_ctg370	562960	563409	+	EIDGLC_00580	16.6	10.8		
SRR35809155_ctg370	566796	567026	+	EIDGLC_00584	7.7	4.4		
SRR35809155_ctg370	569685	570431	+	EIDGLC_00587	26.3	9.9		
SRR35809155_ctg370	571873	572556	+	EIDGLC_00589	25.8	9.7	PF04335.19|VirB8	PFAM:PF04335.19
SRR35809155_ctg370	576135	576338	+	EIDGLC_00595	7.2	6.1		
SRR35809155_ctg370	579816	580040	+	EIDGLC_00599	7.4	4.9		
SRR35809155_ctg370	581913	582059	-	EIDGLC_00601	5.3	6.8		
SRR35809155_ctg370	594157	595635	-	EIDGLC_00610	53.8	8.0	PF00512.31|HisKA, PF02518.31|HATPase_c	PFAM:PF00512.31, PFAM:PF02518.31
SRR35809155_ctg370	596442	599273	+	EIDGLC_00612	101.9	5.7	PF05193.26|Peptidase_M16_C	PFAM:PF05193.26
SRR35809155_ctg370	599652	600428	+	EIDGLC_00613	30.3	10.2		
SRR35809155_ctg370	600474	601160	+	EIDGLC_00614	25.8	6.9		
SRR35809155_ctg370	601400	601624	-	EIDGLC_00615	8.4	6.6		
SRR35809155_ctg370	616015	616257	-	EIDGLC_00628	9.1	9.1		
SRR35809155_ctg370	616806	617468	-	EIDGLC_00629	25.4	6.9		
SRR35809155_ctg370	626527	627069	-	EIDGLC_00636	18.9	4.3		
SRR35809155_ctg370	647707	649335	-	EIDGLC_00660	57.9	9.7	PF00270.35|DEAD, PF00271.37|Helicase_C	PFAM:PF00270.35, PFAM:PF00271.37
SRR35809155_ctg370	649978	651612	-	EIDGLC_00662	57.6	9.8	PF05569.17|Peptidase_M56	PFAM:PF05569.17
SRR35809155_ctg370	655410	655784	+	EIDGLC_00669	13.6	4.7	PF12680.13|SnoaL_2, PF14534.12|DUF4440	PFAM:PF12680.13, PFAM:PF14534.12
SRR35809155_ctg370	655781	656182	+	EIDGLC_00670	14.6	11.7		SO:0001217, UniRef:UniRef50_D9QHZ1
SRR35809155_ctg370	662825	663055	+	EIDGLC_00679	8.5	5.8		
SRR35809155_ctg370	682507	683088	+	EIDGLC_00699	20.6	5.8	PF03938.19|OmpH	PFAM:PF03938.19
SRR35809155_ctg370	694467	694907	+	EIDGLC_00710	16.3	9.3		
SRR35809155_ctg370	705443	705628	+	EIDGLC_00721	6.4	4.1		
SRR35809155_ctg370	707591	707788	+	EIDGLC_00723	7.5	5.2		
SRR35809155_ctg370	709395	710222	+	EIDGLC_00725	29.5	6.6	PF00486.34|Trans_reg_C	PFAM:PF00486.34
SRR35809155_ctg370	713882	714757	-	EIDGLC_00727	31.3	6.3	PF00165.29|HTH_AraC, PF12833.13|HTH_18	PFAM:PF00165.29, PFAM:PF12833.13
SRR35809155_ctg370	715039	715977	+	EIDGLC_00728	33.6	8.5	PF00165.29|HTH_AraC, PF12833.13|HTH_18	PFAM:PF00165.29, PFAM:PF12833.13
SRR35809155_ctg370	715994	716521	-	EIDGLC_00729	18.0	9.9		
SRR35809155_ctg370	716875	719013	+	EIDGLC_00730	76.4	6.0	PF00486.34|Trans_reg_C, PF00930.27|DPPIV_N, PF07676.18|PD40	PFAM:PF00486.34, PFAM:PF00930.27, PFAM:PF07676.18
SRR35809155_ctg370	723794	723904	+	EIDGLC_00733	3.7	11.1		
SRR35809155_ctg370	730160	730888	+	EIDGLC_00741	25.4	5.0	PF10099.14|RskA_C	PFAM:PF10099.14
SRR35809155_ctg370	731529	731732	-	EIDGLC_00743	7.0	4.3		SO:0001217, UniRef:UniRef50_A0A2X1BAC0
SRR35809155_ctg370	731777	731923	-	EIDGLC_00744	5.2	12.0		
SRR35809155_ctg370	731923	732177	-	EIDGLC_00745	9.3	4.6		
SRR35809155_ctg370	732296	733054	-	EIDGLC_00746	27.7	5.9	PF00027.35|cNMP_binding, PF13545.12|HTH_Crp_2	PFAM:PF00027.35, PFAM:PF13545.12
SRR35809155_ctg370	733051	733374	-	EIDGLC_00747	11.2	6.6		
SRR35809155_ctg370	736447	736581	+	EIDGLC_00750	4.7	11.7		
SRR35809155_ctg370	738512	738748	+	EIDGLC_00753	8.7	4.9		
SRR35809155_ctg370	743079	743279	-	EIDGLC_00757	7.4	8.1		
SRR35809155_ctg370	745283	745471	-	EIDGLC_00760	6.7	4.9		
SRR35809155_ctg370	745530	745757	-	EIDGLC_00761	8.4	4.5		
SRR35809155_ctg370	745835	746683	-	EIDGLC_00762	29.8	6.2	PF00561.26|Abhydrolase_1, PF00756.26|Esterase, PF12146.15|Hydrolase_4, PF12697.13|Abhydrolase_6	PFAM:PF00561.26, PFAM:PF00756.26, PFAM:PF12146.15, PFAM:PF12697.13
SRR35809155_ctg370	750548	750724	+	EIDGLC_00765	5.6	4.5		
SRR35809155_ctg370	760285	760602	+	EIDGLC_00778	11.8	5.0	PF22302.1|DUF6968	PFAM:PF22302.1
SRR35809155_ctg370	771503	771862	+	EIDGLC_00791	12.4	4.9	PF00885.24|DMRL_synthase	PFAM:PF00885.24
SRR35809155_ctg370	780419	780844	+	EIDGLC_00802	15.6	10.0		
SRR35809155_ctg370	781243	781494	-	EIDGLC_00805	8.9	10.8		
SRR35809155_ctg370	787264	787449	-	EIDGLC_00811	6.8	10.8		SO:0001217, UniRef:UniRef50_A0A975G2A2
SRR35809155_ctg370	788296	788703	-	EIDGLC_00813	14.7	9.4		SO:0001217, UniRef:UniRef50_A0A0C5XD04
SRR35809155_ctg370	789309	789887	-	EIDGLC_00815	19.4	5.7	PF00080.25|Sod_Cu	PFAM:PF00080.25
SRR35809155_ctg370	801969	802580	-	EIDGLC_00827	20.9	6.9		
SRR35809155_ctg370	820138	820440	-	EIDGLC_00843	10.7	5.4		
SRR35809155_ctg370	820499	821002	-	EIDGLC_00844	18.7	5.3	PF00011.27|HSP20	PFAM:PF00011.27
SRR35809155_ctg370	825284	825616	-	EIDGLC_00850	11.6	6.8		
SRR35809155_ctg370	831645	831917	-	EIDGLC_00859	9.3	8.6		
SRR35809155_ctg370	848229	848465	-	EIDGLC_00874	8.2	9.2	PF13467.12|RHH_4	PFAM:PF13467.12
SRR35809155_ctg370	851914	852066	-	EIDGLC_00879	5.7	11.3		
SRR35809155_ctg370	852069	852245	-	EIDGLC_00880	6.4	10.3		
SRR35809155_ctg370	852654	853055	+	EIDGLC_00882	14.9	8.2	PF03733.18|YccF	PFAM:PF03733.18
SRR35809155_ctg370	862120	862422	-	EIDGLC_00894	11.2	4.9		
SRR35809155_ctg370	863354	863614	-	EIDGLC_00896	10.2	11.1		SO:0001217, UniRef:UniRef50_A0A1I6S3D1
SRR35809155_ctg370	867107	868540	-	EIDGLC_00903	51.2	5.0		
SRR35809155_ctg370	868608	868940	-	EIDGLC_00904	11.0	6.1		
SRR35809155_ctg370	872706	873284	-	EIDGLC_00908	21.6	10.0		
SRR35809155_ctg370	874096	874593	-	EIDGLC_00910	17.9	5.8	PF01613.24|Flavin_Reduct	PFAM:PF01613.24
SRR35809155_ctg370	878209	878670	+	EIDGLC_00915	16.0	6.1		
SRR35809155_ctg370	880912	881487	-	EIDGLC_00917	21.1	5.7		
SRR35809155_ctg370	885446	885817	+	EIDGLC_00924	12.7	10.8		
SRR35809155_ctg370	893571	894878	-	EIDGLC_00936	46.9	5.6	PF10502.14|Peptidase_S26	PFAM:PF10502.14
SRR35809155_ctg370	902390	902602	+	EIDGLC_00946	7.4	5.9		SO:0001217, UniRef:UniRef50_A0A514C112
SRR35809155_ctg370	916587	916682	-	EIDGLC_00959	3.5	7.8		
SRR35809155_ctg370	920952	922013	-	EIDGLC_00965	37.5	10.6	PF01757.29|Acyl_transf_3	PFAM:PF01757.29
SRR35809155_ctg370	923181	923612	-	EIDGLC_00969	15.9	6.3	PF00036.39|EF-hand_1, PF10591.15|SPARC_Ca_bdg, PF13202.12|EF-hand_5, PF13405.12|EF-hand_6, PF13499.12|EF-hand_7	PFAM:PF00036.39, PFAM:PF10591.15, PFAM:PF13202.12, PFAM:PF13405.12, PFAM:PF13499.12
SRR35809155_ctg370	923721	924137	-	EIDGLC_00970	14.7	11.1		
SRR35809155_ctg370	929168	930103	-	EIDGLC_00975	33.1	4.8		
SRR35809155_ctg370	933532	934176	-	EIDGLC_00980	21.1	9.7		
SRR35809155_ctg370	938906	939286	+	EIDGLC_00984	13.8	5.6		
SRR35809155_ctg370	942733	943434	+	EIDGLC_00989	25.6	8.5		
SRR35809155_ctg370	947121	947735	-	EIDGLC_00992	21.4	4.1		
SRR35809155_ctg370	950424	950543	-	EIDGLC_00996	4.0	12.0		
SRR35809155_ctg370	955666	956091	-	EIDGLC_01004	14.3	8.3		
SRR35809155_ctg370	959665	959802	-	EIDGLC_01009	4.9	11.9		
SRR35809155_ctg370	960475	960921	-	EIDGLC_01011	15.6	6.3		
SRR35809155_ctg370	972300	972605	-	EIDGLC_01022	11.0	10.2		
SRR35809155_ctg370	975463	975846	-	EIDGLC_01026	13.9	5.3		
SRR35809155_ctg370	986491	986883	-	EIDGLC_01038	15.1	8.0		
SRR35809155_ctg370	987091	989496	+	EIDGLC_01039	83.8	4.7		
SRR35809155_ctg370	989560	990051	+	EIDGLC_01040	16.5	9.7	PF00805.28|Pentapeptide, PF13576.12|Pentapeptide_3, PF13599.12|Pentapeptide_4	PFAM:PF00805.28, PFAM:PF13576.12, PFAM:PF13599.12
SRR35809155_ctg370	990115	991041	+	EIDGLC_01041	31.4	10.3	PF00805.28|Pentapeptide, PF13576.12|Pentapeptide_3, PF13599.12|Pentapeptide_4	PFAM:PF00805.28, PFAM:PF13576.12, PFAM:PF13599.12
SRR35809155_ctg370	994078	994368	-	EIDGLC_01044	10.6	8.9		
SRR35809155_ctg370	996722	997060	-	EIDGLC_01047	12.1	4.9		
SRR35809155_ctg370	999102	999629	-	EIDGLC_01050	18.2	4.8		
SRR35809155_ctg370	1005122	1005361	-	EIDGLC_01057	8.3	11.1		
SRR35809155_ctg370	1012916	1013194	-	EIDGLC_01064	9.4	8.4		
SRR35809155_ctg370	1032062	1032475	+	EIDGLC_01085	14.8	6.5	PF04828.22|GFA	PFAM:PF04828.22
SRR35809155_ctg370	1035938	1036396	+	EIDGLC_01090	16.3	5.1	PF01957.25|NfeD	PFAM:PF01957.25
SRR35809155_ctg370	1037924	1038142	+	EIDGLC_01093	7.8	6.6		
SRR35809155_ctg370	1038171	1038683	+	EIDGLC_01094	18.0	9.6		
SRR35809155_ctg370	1040671	1040949	+	EIDGLC_01097	9.5	5.0		SO:0001217, UniRef:UniRef50_A0A0Q7RHN1
SRR35809155_ctg370	1051955	1052359	-	EIDGLC_01109	14.2	5.0	PF01842.31|ACT, PF13840.12|ACT_7, PF19571.5|ACT_8	PFAM:PF01842.31, PFAM:PF13840.12, PFAM:PF19571.5
SRR35809155_ctg370	1059394	1059990	-	EIDGLC_01118	20.0	4.9		
SRR35809155_ctg370	1060098	1060280	-	EIDGLC_01119	6.9	10.3		
SRR35809155_ctg370	1071343	1072584	+	EIDGLC_01133	44.9	6.4		
SRR35809155_ctg370	1107110	1109158	-	EIDGLC_01166	71.3	4.7		
SRR35809155_ctg370	1109203	1109409	-	EIDGLC_01167	7.2	12.0		
SRR35809155_ctg370	1109406	1113326	-	EIDGLC_01168	139.6	5.1	PF08291.16|Peptidase_M15_3	PFAM:PF08291.16
SRR35809155_ctg370	1113316	1114959	-	EIDGLC_01169	59.4	5.0		
SRR35809155_ctg370	1114959	1115447	-	EIDGLC_01170	16.4	10.4		
SRR35809155_ctg370	1115447	1117552	-	EIDGLC_01171	74.0	4.8		
SRR35809155_ctg370	1117545	1118159	-	EIDGLC_01172	22.7	5.2		
SRR35809155_ctg370	1118262	1118561	-	EIDGLC_01173	10.6	4.7		
SRR35809155_ctg370	1120043	1120822	-	EIDGLC_01176	26.7	4.8		
SRR35809155_ctg370	1120855	1121115	-	EIDGLC_01177	9.4	8.4		
SRR35809155_ctg370	1121112	1122656	-	EIDGLC_01178	57.6	5.1		
SRR35809155_ctg370	1122949	1123368	-	EIDGLC_01179	15.7	7.0		
SRR35809155_ctg370	1123365	1124990	-	EIDGLC_01180	60.3	8.9		
SRR35809155_ctg370	1125033	1125701	-	EIDGLC_01181	22.4	5.7		
SRR35809155_ctg370	1125701	1125985	-	EIDGLC_01182	9.6	4.9		
SRR35809155_ctg370	1126046	1126423	-	EIDGLC_01183	13.5	7.7		
SRR35809155_ctg370	1126466	1126909	-	EIDGLC_01184	15.2	5.2		
SRR35809155_ctg370	1126906	1128549	-	EIDGLC_01185	60.6	6.0		
SRR35809155_ctg370	1128694	1129002	-	EIDGLC_01186	11.5	6.8		
SRR35809155_ctg370	1128999	1129190	-	EIDGLC_01187	6.7	4.3		
SRR35809155_ctg370	1129190	1130038	-	EIDGLC_01188	30.4	9.7	PF00182.24|Glyco_hydro_19	PFAM:PF00182.24
SRR35809155_ctg370	1130035	1130265	-	EIDGLC_01189	8.3	6.5		
SRR35809155_ctg370	1130351	1131145	-	EIDGLC_01190	26.9	4.3		
SRR35809155_ctg370	1131142	1131303	-	EIDGLC_01191	5.5	7.8		
SRR35809155_ctg370	1131570	1132106	-	EIDGLC_01192	19.2	7.0		
SRR35809155_ctg370	1132107	1132607	-	EIDGLC_01193	18.1	5.7		
SRR35809155_ctg370	1133830	1136199	-	EIDGLC_01194	86.3	5.9	PF09250.16|Prim-Pol	PFAM:PF09250.16
SRR35809155_ctg370	1136363	1136569	-	EIDGLC_01195	7.3	4.6		
SRR35809155_ctg370	1136569	1136742	-	EIDGLC_01196	6.4	10.8		
SRR35809155_ctg370	1136739	1136996	-	EIDGLC_01197	9.5	11.4		
SRR35809155_ctg370	1136993	1137391	-	EIDGLC_01198	14.9	10.8	PF08299.17|Bac_DnaA_C	PFAM:PF08299.17
SRR35809155_ctg370	1137448	1137840	-	EIDGLC_01199	14.0	7.8		
SRR35809155_ctg370	1137837	1139525	-	EIDGLC_01200	61.4	7.6	PF00270.35|DEAD, PF00271.37|Helicase_C	PFAM:PF00270.35, PFAM:PF00271.37
SRR35809155_ctg370	1139522	1139815	-	EIDGLC_01201	10.9	11.4	PF13395.12|HNH_4	PFAM:PF13395.12
SRR35809155_ctg370	1140085	1141017	-	EIDGLC_01202	35.1	6.4		
SRR35809155_ctg370	1141010	1141174	-	EIDGLC_01203	5.8	4.1		
SRR35809155_ctg370	1141176	1141442	-	EIDGLC_01204	9.7	4.7		
SRR35809155_ctg370	1141538	1142047	-	EIDGLC_01205	17.8	5.4		
SRR35809155_ctg370	1142867	1143088	-	EIDGLC_01207	8.2	5.0		
SRR35809155_ctg370	1143088	1143654	-	EIDGLC_01208	20.2	6.9		
SRR35809155_ctg370	1143654	1143875	-	EIDGLC_01209	8.1	11.3		
SRR35809155_ctg370	1144498	1144770	+	EIDGLC_01210	10.5	6.7		
SRR35809155_ctg370	1144771	1145016	+	EIDGLC_01211	8.9	10.2		
SRR35809155_ctg370	1145313	1145570	+	EIDGLC_01212	9.2	4.9	PF13560.12|HTH_31	PFAM:PF13560.12
SRR35809155_ctg370	1145765	1146025	+	EIDGLC_01213	9.5	4.4		
SRR35809155_ctg370	1146022	1146297	+	EIDGLC_01214	9.7	4.2		
SRR35809155_ctg370	1146294	1146641	+	EIDGLC_01215	12.7	4.1		
SRR35809155_ctg370	1146638	1146841	+	EIDGLC_01216	7.4	6.7		
SRR35809155_ctg370	1147192	1147482	+	EIDGLC_01217	10.5	4.2		
SRR35809155_ctg370	1147544	1148296	+	EIDGLC_01218	26.8	6.5	PF05175.20|MTS	PFAM:PF05175.20
SRR35809155_ctg370	1148467	1149057	+	EIDGLC_01219	21.2	4.7		
SRR35809155_ctg370	1149054	1149509	+	EIDGLC_01220	16.0	5.3		
SRR35809155_ctg370	1149511	1149987	+	EIDGLC_01221	16.7	8.4		
SRR35809155_ctg370	1149992	1150237	+	EIDGLC_01222	9.3	10.5		
SRR35809155_ctg370	1150234	1151226	+	EIDGLC_01223	34.6	4.8		
SRR35809155_ctg370	1151223	1151450	+	EIDGLC_01224	8.2	6.4		
SRR35809155_ctg370	1151450	1152265	+	EIDGLC_01225	30.2	6.0		
SRR35809155_ctg370	1152262	1152591	+	EIDGLC_01226	11.9	5.4		
SRR35809155_ctg370	1152671	1153264	+	EIDGLC_01227	21.7	5.1		
SRR35809155_ctg370	1153338	1153838	+	EIDGLC_01228	17.1	5.6		
SRR35809155_ctg370	1153835	1154131	+	EIDGLC_01229	10.6	9.5		
SRR35809155_ctg370	1154297	1155496	+	EIDGLC_01230	43.7	10.3		
SRR35809155_ctg370	1160567	1160989	-	EIDGLC_01238	14.7	4.8		
SRR35809155_ctg370	1165109	1165345	-	EIDGLC_01243	8.7	9.9		
SRR35809155_ctg370	1176013	1176594	-	EIDGLC_01257	21.1	8.6	PF00030.24|Crystall	PFAM:PF00030.24
SRR35809155_ctg370	1177567	1177740	-	EIDGLC_01259	6.8	10.2		
SRR35809155_ctg370	1181467	1181655	-	EIDGLC_01266	6.4	4.9		
SRR35809155_ctg370	1182349	1182792	+	EIDGLC_01268	16.8	11.6		
SRR35809155_ctg370	1191971	1192330	-	EIDGLC_01277	13.2	7.8		
SRR35809155_ctg370	1192407	1192712	-	EIDGLC_01278	10.0	11.6		
SRR35809155_ctg370	1192699	1193385	-	EIDGLC_01279	23.6	10.5		
SRR35809155_ctg370	1194521	1194823	-	EIDGLC_01281	11.6	4.6		
SRR35809155_ctg370	1198790	1200196	+	EIDGLC_01285	50.2	9.4	PF00106.31|adh_short, PF13561.12|adh_short_C2	PFAM:PF00106.31, PFAM:PF13561.12
SRR35809155_ctg370	1207357	1207566	-	EIDGLC_01290	7.8	5.2		SO:0001217, UniRef:UniRef50_D9QH41
SRR35809155_ctg370	1210520	1212265	+	EIDGLC_01293	62.4	6.1	PF00072.30|Response_reg, PF00512.31|HisKA, PF02518.31|HATPase_c	PFAM:PF00072.30, PFAM:PF00512.31, PFAM:PF02518.31
SRR35809155_ctg370	1213521	1213751	+	EIDGLC_01295	8.3	4.1		SO:0001217, UniRef:UniRef50_A0A1I6STK7
SRR35809155_ctg370	1216022	1216408	-	EIDGLC_01299	13.1	10.0		SO:0001217, UniRef:UniRef50_A0A0Q7RI12
SRR35809155_ctg370	1216694	1216996	-	EIDGLC_01301	11.4	10.9		
SRR35809155_ctg370	1229147	1229740	-	EIDGLC_01314	21.7	10.4		
SRR35809155_ctg370	1231435	1231560	-	EIDGLC_01317	4.3	9.5		
SRR35809155_ctg370	1247234	1247773	+	EIDGLC_01326	19.1	6.3	PF00254.34|FKBP_C	PFAM:PF00254.34
SRR35809155_ctg370	1252863	1253252	-	EIDGLC_01330	13.9	5.4		
SRR35809155_ctg370	1257856	1258254	+	EIDGLC_01335	13.7	10.5		
SRR35809155_ctg370	1268630	1269175	+	EIDGLC_01343	20.0	6.4	PF16694.10|Cytochrome_P460	PFAM:PF16694.10
SRR35809155_ctg370	1272188	1272775	-	EIDGLC_01348	21.6	8.5	PF13302.13|Acetyltransf_3	PFAM:PF13302.13
SRR35809155_ctg370	1281327	1282001	-	EIDGLC_01358	24.6	5.3		SO:0001217, UniRef:UniRef50_A0A0Q7THB8
SRR35809155_ctg370	1282233	1282718	+	EIDGLC_01359	17.4	6.7	PF13590.11|DUF4136	PFAM:PF13590.11
SRR35809155_ctg370	1282901	1284025	+	EIDGLC_01360	42.0	5.9	PF04909.20|Amidohydro_2	PFAM:PF04909.20
SRR35809155_ctg370	1288289	1288774	-	EIDGLC_01364	17.5	5.2		
SRR35809155_ctg370	1289060	1289533	+	EIDGLC_01365	16.2	10.1	PF13400.11|Tad	PFAM:PF13400.11
SRR35809155_ctg370	1307086	1307550	+	EIDGLC_01382	17.6	6.3		
SRR35809155_ctg370	1307622	1307855	+	EIDGLC_01383	8.7	10.4		
SRR35809155_ctg370	1310580	1311419	+	EIDGLC_01385	30.7	6.0		
SRR35809155_ctg370	1313975	1315267	+	EIDGLC_01388	43.2	11.0		
SRR35809155_ctg370	1315487	1315813	+	EIDGLC_01389	12.0	4.8	PF13508.13|Acetyltransf_7, PF13673.13|Acetyltransf_10	PFAM:PF13508.13, PFAM:PF13673.13
SRR35809155_ctg370	1321890	1322171	+	EIDGLC_01394	10.2	5.7		
SRR35809155_ctg370	1322346	1322726	+	EIDGLC_01395	14.0	4.3		
SRR35809155_ctg370	1322774	1323379	-	EIDGLC_01396	23.0	4.9		
SRR35809155_ctg370	1324029	1324700	-	EIDGLC_01397	24.4	5.6		
SRR35809155_ctg370	1324678	1330905	-	EIDGLC_01398	228.5	6.9		
SRR35809155_ctg370	1340092	1340859	-	EIDGLC_01408	27.9	6.5	PF13545.12|HTH_Crp_2	PFAM:PF13545.12
SRR35809155_ctg370	1340917	1341219	-	EIDGLC_01409	11.0	4.5		
SRR35809155_ctg370	1341414	1341797	-	EIDGLC_01410	14.3	9.9	PF00043.30|GST_C	PFAM:PF00043.30
SRR35809155_ctg370	1341830	1342132	-	EIDGLC_01411	11.0	4.9	PF02798.26|GST_N, PF13409.12|GST_N_2, PF13417.12|GST_N_3	PFAM:PF02798.26, PFAM:PF13409.12, PFAM:PF13417.12
SRR35809155_ctg370	1356762	1357274	-	EIDGLC_01423	17.4	4.3		
SRR35809155_ctg370	1358294	1358800	+	EIDGLC_01425	15.8	11.7		
SRR35809155_ctg370	1361391	1361501	-	EIDGLC_01430	3.7	9.3		
SRR35809155_ctg370	1372442	1373254	+	EIDGLC_01439	28.0	7.9	PF04536.20|TPM_phosphatase	PFAM:PF04536.20
SRR35809155_ctg370	1376413	1376601	+	EIDGLC_01443	6.7	5.0		SO:0001217, UniRef:UniRef50_A0AA95F7Y6
SRR35809155_ctg370	1390129	1391091	+	EIDGLC_01456	33.9	5.7		
SRR35809155_ctg370	1400309	1400824	-	EIDGLC_01467	17.3	4.7	PF00036.39|EF-hand_1, PF10591.15|SPARC_Ca_bdg, PF13405.12|EF-hand_6, PF13499.12|EF-hand_7	PFAM:PF00036.39, PFAM:PF10591.15, PFAM:PF13405.12, PFAM:PF13499.12
SRR35809155_ctg370	1410828	1411349	+	EIDGLC_01474	18.6	8.9		
SRR35809155_ctg370	1415457	1416104	+	EIDGLC_01479	23.1	5.0	PF00485.24|PRK, PF13238.12|AAA_18, PF13671.12|AAA_33	PFAM:PF00485.24, PFAM:PF13238.12, PFAM:PF13671.12
SRR35809155_ctg370	1420611	1420985	+	EIDGLC_01485	13.9	4.9	PF00903.31|Glyoxalase	PFAM:PF00903.31
SRR35809155_ctg370	1423813	1424139	+	EIDGLC_01487	10.5	4.5		
SRR35809155_ctg370	1432575	1432802	+	EIDGLC_01498	7.9	11.2		
SRR35809155_ctg370	1437214	1437837	+	EIDGLC_01502	22.6	8.8		
SRR35809155_ctg370	1440517	1441020	-	EIDGLC_01505	19.6	10.3		
SRR35809155_ctg370	1447316	1448854	+	EIDGLC_01512	59.3	6.0	PF13175.12|AAA_15, PF13304.12|AAA_21	PFAM:PF13175.12, PFAM:PF13304.12
SRR35809155_ctg370	1454514	1455740	+	EIDGLC_01519	44.3	9.4	PF14684.11|Tricorn_C1	PFAM:PF14684.11
SRR35809155_ctg370	1458044	1458610	+	EIDGLC_01522	20.6	5.6		
SRR35809155_ctg370	1458693	1459688	+	EIDGLC_01523	35.9	5.8	PF00990.26|GGDEF, PF08447.18|PAS_3, PF08448.16|PAS_4, PF13426.13|PAS_9	PFAM:PF00990.26, PFAM:PF08447.18, PFAM:PF08448.16, PFAM:PF13426.13
SRR35809155_ctg370	1460283	1460558	+	EIDGLC_01525	10.2	10.9		
SRR35809155_ctg370	1464014	1464391	+	EIDGLC_01528	13.6	11.6		
SRR35809155_ctg370	1489868	1490080	+	EIDGLC_01549	7.7	5.6		
SRR35809155_ctg370	1491022	1491294	+	EIDGLC_01552	9.3	9.8		
SRR35809155_ctg370	1497068	1497454	-	EIDGLC_01557	13.9	4.6	PF00903.31|Glyoxalase	PFAM:PF00903.31
SRR35809155_ctg370	1500905	1501795	+	EIDGLC_01561	30.9	7.8		
SRR35809155_ctg370	1506786	1507073	-	EIDGLC_01568	9.9	6.2		
SRR35809155_ctg370	1516594	1517922	-	EIDGLC_01575	45.6	9.1	PF02491.25|SHS2_FTSA, PF14450.12|FtsA	PFAM:PF02491.25, PFAM:PF14450.12
SRR35809155_ctg370	1524820	1525602	-	EIDGLC_01583	26.6	6.1	PF05036.18|SPOR	PFAM:PF05036.18
SRR35809155_ctg370	1531276	1532064	+	EIDGLC_01590	28.7	5.2	PF01571.26|GCV_T	PFAM:PF01571.26
SRR35809155_ctg370	1534199	1534465	-	EIDGLC_01593	8.2	4.1		
SRR35809155_ctg370	1535255	1535731	+	EIDGLC_01595	17.5	11.1		
SRR35809155_ctg370	1537044	1537313	-	EIDGLC_01598	9.7	6.3		SO:0001217, UniRef:UniRef50_A0A1I6THV7
SRR35809155_ctg370	1540009	1540191	+	EIDGLC_01601	7.0	10.4		
SRR35809155_ctg370	1545657	1546745	+	EIDGLC_01609	38.0	11.2	PF07992.20|Pyr_redox_2	PFAM:PF07992.20
SRR35809155_ctg370	1556048	1558546	+	EIDGLC_01617	90.0	5.2	PF00326.27|Peptidase_S9	PFAM:PF00326.27
SRR35809155_ctg370	1560863	1561105	-	EIDGLC_01618	8.7	9.4		
SRR35809155_ctg370	1561179	1561847	-	EIDGLC_01619	24.2	9.6	PF00392.27|GntR	PFAM:PF00392.27
SRR35809155_ctg370	1563916	1564098	+	EIDGLC_01624	6.0	10.0		
SRR35809155_ctg370	1567519	1567734	+	EIDGLC_01628	7.6	7.7		
SRR35809155_ctg370	1576858	1578075	-	EIDGLC_01638	43.2	6.4	PF00155.27|Aminotran_1_2, PF00266.25|Aminotran_5, PF01041.23|DegT_DnrJ_EryC1, PF01053.26|Cys_Met_Meta_PP	PFAM:PF00155.27, PFAM:PF00266.25, PFAM:PF01041.23, PFAM:PF01053.26
SRR35809155_ctg370	1594013	1594180	+	EIDGLC_01652	6.3	5.3		
SRR35809155_ctg370	1595027	1595158	+	EIDGLC_01654	4.8	5.6		
SRR35809155_ctg370	1595169	1596107	+	EIDGLC_01655	33.3	6.5		
SRR35809155_ctg370	1597096	1597824	-	EIDGLC_01656	25.4	5.1		
SRR35809155_ctg370	1597913	1599070	-	EIDGLC_01657	42.5	5.2		
SRR35809155_ctg370	1599083	1599298	-	EIDGLC_01658	7.7	4.1		
SRR35809155_ctg370	1600059	1601285	+	EIDGLC_01659	42.6	9.7	PF00364.28|Biotin_lipoyl, PF13533.12|Biotin_lipoyl_2, PF16576.10|HlyD_D23	PFAM:PF00364.28, PFAM:PF13533.12, PFAM:PF16576.10
SRR35809155_ctg370	1601282	1603369	+	EIDGLC_01660	74.5	8.8	PF00005.33|ABC_tran	PFAM:PF00005.33
SRR35809155_ctg370	1603790	1605190	+	EIDGLC_01661	52.1	4.7	PF08808.17|RES	PFAM:PF08808.17
SRR35809155_ctg370	1608933	1609322	+	EIDGLC_01664	12.8	8.6		
SRR35809155_ctg370	1609319	1610494	+	EIDGLC_01665	41.0	5.1	PF00294.29|PfkB, PF05014.21|Nuc_deoxyrib_tr	PFAM:PF00294.29, PFAM:PF05014.21
SRR35809155_ctg370	1610674	1610976	-	EIDGLC_01666	11.3	7.8		
SRR35809155_ctg370	1611158	1611889	-	EIDGLC_01667	26.1	5.1		
SRR35809155_ctg370	1613115	1613537	-	EIDGLC_01669	15.1	5.5	PF00005.33|ABC_tran	PFAM:PF00005.33
SRR35809155_ctg370	1619129	1620727	+	EIDGLC_01674	57.4	9.3		
SRR35809155_ctg370	1620736	1622814	+	EIDGLC_01675	75.8	5.0	PF00593.30|TonB_dep_Rec_b-barrel, PF07715.20|Plug	PFAM:PF00593.30, PFAM:PF07715.20
SRR35809155_ctg370	1622824	1623318	+	EIDGLC_01676	17.5	7.6		
SRR35809155_ctg370	1623288	1624325	+	EIDGLC_01677	35.7	4.9	PF00400.38|WD40, PF12894.13|ANAPC4_WD40, PF23383.1|Beta-prop_IFT140_1st	PFAM:PF00400.38, PFAM:PF12894.13, PFAM:PF23383.1
SRR35809155_ctg370	1627563	1628771	-	EIDGLC_01681	44.4	6.6	PF01497.23|Peripla_BP_2	PFAM:PF01497.23
SRR35809155_ctg370	1630980	1632392	+	EIDGLC_01683	50.9	7.9	PF12679.13|ABC2_membrane_2	PFAM:PF12679.13
SRR35809155_ctg370	1632389	1633816	+	EIDGLC_01684	51.0	10.6	PF12679.13|ABC2_membrane_2	PFAM:PF12679.13
SRR35809155_ctg370	1634532	1635362	+	EIDGLC_01686	29.3	5.0	PF08241.18|Methyltransf_11, PF08242.18|Methyltransf_12, PF13489.12|Methyltransf_23, PF13649.12|Methyltransf_25, PF13847.12|Methyltransf_31	PFAM:PF08241.18, PFAM:PF08242.18, PFAM:PF13489.12, PFAM:PF13649.12, PFAM:PF13847.12
SRR35809155_ctg370	1635548	1637590	-	EIDGLC_01687	73.7	5.1	PF00593.30|TonB_dep_Rec_b-barrel, PF07715.20|Plug	PFAM:PF00593.30, PFAM:PF07715.20
SRR35809155_ctg370	1639974	1640456	+	EIDGLC_01689	17.3	6.6		
SRR35809155_ctg370	1640989	1641255	-	EIDGLC_01690	9.7	5.8		
SRR35809155_ctg370	1641865	1643070	-	EIDGLC_01691	44.0	7.0	PF00486.34|Trans_reg_C	PFAM:PF00486.34
SRR35809155_ctg370	1643752	1645344	+	EIDGLC_01692	57.8	4.7	PF00144.29|Beta-lactamase	PFAM:PF00144.29
SRR35809155_ctg370	1645714	1646253	+	EIDGLC_01693	20.6	6.5		
SRR35809155_ctg370	1646499	1647071	-	EIDGLC_01694	20.8	8.6		
SRR35809155_ctg370	1647267	1647830	-	EIDGLC_01695	21.0	10.1		
SRR35809155_ctg370	1647907	1648578	+	EIDGLC_01696	24.7	5.9		
SRR35809155_ctg370	1653656	1654312	+	EIDGLC_01703	24.2	10.3		
SRR35809155_ctg370	1655971	1656315	+	EIDGLC_01705	12.2	6.3		
SRR35809155_ctg370	1663600	1663830	+	EIDGLC_01715	8.9	6.3		
SRR35809155_ctg370	1664830	1665318	+	EIDGLC_01717	17.7	9.2		
SRR35809155_ctg370	1665315	1665821	+	EIDGLC_01718	18.5	9.7		
SRR35809155_ctg370	1670640	1671215	-	EIDGLC_01723	21.8	9.9		
SRR35809155_ctg370	1675347	1675508	-	EIDGLC_01728	5.8	4.2		
SRR35809155_ctg370	1677970	1678836	-	EIDGLC_01733	31.6	9.4		
SRR35809155_ctg370	1678901	1679593	-	EIDGLC_01734	23.9	4.9		
SRR35809155_ctg370	1679790	1680146	+	EIDGLC_01735	12.8	4.7		
SRR35809155_ctg370	1680139	1681185	+	EIDGLC_01736	36.9	9.6		
SRR35809155_ctg370	1683250	1683450	+	EIDGLC_01739	7.0	6.7		
SRR35809155_ctg370	1688076	1688282	+	EIDGLC_01745	7.4	9.7		
SRR35809155_ctg370	1693999	1694244	-	EIDGLC_01752	8.7	10.8		SO:0001217, UniRef:UniRef50_A0A519HCV7
SRR35809155_ctg370	1694824	1695378	-	EIDGLC_01754	19.7	4.5	PF12883.13|DUF3828	PFAM:PF12883.13
SRR35809155_ctg370	1698716	1699282	+	EIDGLC_01756	18.0	4.6		
SRR35809155_ctg370	1699478	1700044	+	EIDGLC_01757	17.9	6.4		
SRR35809155_ctg370	1700123	1701004	+	EIDGLC_01758	30.6	9.7		
SRR35809155_ctg370	1701050	1703752	+	EIDGLC_01759	96.3	4.8		
SRR35809155_ctg370	1703749	1704294	+	EIDGLC_01760	19.0	7.8		
SRR35809155_ctg370	1717640	1718506	-	EIDGLC_01774	31.5	6.0		
SRR35809155_ctg370	1718649	1719188	+	EIDGLC_01775	19.2	10.1	PF07310.19|PAS_5	PFAM:PF07310.19
SRR35809155_ctg370	1731693	1731998	-	EIDGLC_01789	10.7	9.0		
SRR35809155_ctg370	1732063	1732221	+	EIDGLC_01790	5.3	6.1		
SRR35809155_ctg370	1732942	1733106	-	EIDGLC_01793	6.3	4.4		
SRR35809155_ctg370	1733103	1734575	-	EIDGLC_01794	45.2	5.5		
SRR35809155_ctg370	1741497	1742474	+	EIDGLC_01803	33.3	4.8		SO:0001217, UniRef:UniRef50_D9QM35
SRR35809155_ctg370	1750654	1751577	-	EIDGLC_01811	33.9	6.2		SO:0001217, UniRef:UniRef50_D9QKA1
SRR35809155_ctg370	1751684	1752664	-	EIDGLC_01812	31.8	4.2	PF02469.27|Fasciclin	PFAM:PF02469.27
SRR35809155_ctg370	1753747	1755636	-	EIDGLC_01814	67.2	4.7	PF00515.34|TPR_1, PF07719.23|TPR_2, PF09976.15|TPR_21, PF12895.13|ANAPC3, PF13181.12|TPR_8, PF13414.12|TPR_11, PF13428.12|TPR_14, PF13431.12|TPR_17, PF13432.12|TPR_16, PF14559.12|TPR_19	PFAM:PF00515.34, PFAM:PF07719.23, PFAM:PF09976.15, PFAM:PF12895.13, PFAM:PF13181.12, PFAM:PF13414.12, PFAM:PF13428.12, PFAM:PF13431.12, PFAM:PF13432.12, PFAM:PF14559.12, SO:0001217, UniRef:UniRef50_A0A0Q7R2H8
SRR35809155_ctg370	1760155	1760268	-	EIDGLC_01818	4.0	8.9		
SRR35809155_ctg370	1762421	1762756	+	EIDGLC_01821	12.3	9.9		
SRR35809155_ctg370	1765658	1765789	+	EIDGLC_01827	4.5	6.5		
SRR35809155_ctg370	1768813	1769055	-	EIDGLC_01832	8.5	4.1		SO:0001217, UniRef:UniRef50_A0A1I6SH50
SRR35809155_ctg370	1769976	1770119	-	EIDGLC_01834	4.8	4.1		
SRR35809155_ctg370	1772870	1773718	-	EIDGLC_01837	29.4	5.0	PF13650.11|Asp_protease_2	PFAM:PF13650.11
SRR35809155_ctg370	1777650	1777907	-	EIDGLC_01843	9.2	4.8		
SRR35809155_ctg370	1786946	1788265	+	EIDGLC_01852	45.9	5.3		
SRR35809155_ctg370	1791208	1793070	+	EIDGLC_01856	66.8	4.8	PF00072.30|Response_reg, PF00512.31|HisKA, PF01590.32|GAF, PF02518.31|HATPase_c, PF13185.12|GAF_2	PFAM:PF00072.30, PFAM:PF00512.31, PFAM:PF01590.32, PFAM:PF02518.31, PFAM:PF13185.12
SRR35809155_ctg370	1816630	1817421	+	EIDGLC_01884	28.5	4.9		SO:0001217, UniRef:UniRef50_A0A539D2J8
SRR35809155_ctg370	1819453	1821879	-	EIDGLC_01888	87.2	4.9	PF00072.30|Response_reg, PF00512.31|HisKA, PF00989.32|PAS, PF01590.32|GAF, PF02518.31|HATPase_c, PF08447.18|PAS_3, PF08448.16|PAS_4, PF13426.13|PAS_9	PFAM:PF00072.30, PFAM:PF00512.31, PFAM:PF00989.32, PFAM:PF01590.32, PFAM:PF02518.31, PFAM:PF08447.18, PFAM:PF08448.16, PFAM:PF13426.13
SRR35809155_ctg370	1828724	1829596	+	EIDGLC_01895	30.1	9.7		
SRR35809155_ctg370	1832662	1833138	-	EIDGLC_01899	16.7	4.9		
SRR35809155_ctg370	1840357	1841025	-	EIDGLC_01908	23.1	6.9		
SRR35809155_ctg370	1841096	1841740	+	EIDGLC_01909	24.1	9.3	PF00440.29|TetR_N	PFAM:PF00440.29
SRR35809155_ctg370	1846178	1846693	+	EIDGLC_01914	18.5	5.0	PF13302.13|Acetyltransf_3	PFAM:PF13302.13
SRR35809155_ctg370	1846751	1846990	+	EIDGLC_01915	8.4	5.4		
SRR35809155_ctg370	1848788	1849174	-	EIDGLC_01919	13.9	5.4		SO:0001217, UniRef:UniRef50_A0A519HJL5
SRR35809155_ctg370	1850058	1850336	-	EIDGLC_01921	10.0	6.9		
SRR35809155_ctg370	1850369	1851211	-	EIDGLC_01922	29.1	5.2		
SRR35809155_ctg370	1852982	1853224	+	EIDGLC_01925	7.9	5.0		
SRR35809155_ctg370	1853221	1853454	-	EIDGLC_01926	8.1	5.1		
SRR35809155_ctg370	1855279	1855662	-	EIDGLC_01929	13.3	8.7	PF00903.31|Glyoxalase, PF18029.7|Glyoxalase_6	PFAM:PF00903.31, PFAM:PF18029.7
SRR35809155_ctg370	1863334	1864023	+	EIDGLC_01939	24.6	9.3		SO:0001217, UniRef:UniRef50_A0A953HPE4
SRR35809155_ctg370	1869008	1869724	-	EIDGLC_01944	26.2	5.1		
SRR35809155_ctg370	1889124	1889483	+	EIDGLC_01958	12.6	10.2		
SRR35809155_ctg370	1896479	1897447	-	EIDGLC_01965	34.2	4.9		
SRR35809155_ctg370	1898334	1898549	+	EIDGLC_01967	7.8	12.0		
SRR35809155_ctg370	1900141	1900443	-	EIDGLC_01970	9.1	4.6		
SRR35809155_ctg370	1908937	1909299	-	EIDGLC_01977	13.7	10.1		
SRR35809155_ctg370	1909462	1909644	-	EIDGLC_01978	5.4	9.2		
SRR35809155_ctg370	1910197	1911183	+	EIDGLC_01979	33.9	9.3		
SRR35809155_ctg370	1914935	1915048	-	EIDGLC_01985	4.1	10.9		
SRR35809155_ctg370	1936119	1937651	+	EIDGLC_02004	55.5	10.2	PF00270.35|DEAD, PF00271.37|Helicase_C	PFAM:PF00270.35, PFAM:PF00271.37
SRR35809155_ctg370	1937823	1938224	+	EIDGLC_02005	13.9	4.7		
SRR35809155_ctg370	1941448	1942044	+	EIDGLC_02010	22.1	8.4		SO:0001217, UniRef:UniRef50_A0A519HQZ8
SRR35809155_ctg370	1944329	1945189	-	EIDGLC_02013	30.1	10.3		SO:0001217, UniRef:UniRef50_A0AAQ1J440
SRR35809155_ctg370	1945726	1946106	+	EIDGLC_02015	13.9	4.9		SO:0001217, UniRef:UniRef50_D9QF22
SRR35809155_ctg370	1947723	1947857	-	EIDGLC_02017	4.6	6.1		
SRR35809155_ctg370	1949708	1951216	+	EIDGLC_02019	55.7	6.2	PF14559.12|TPR_19	PFAM:PF14559.12
SRR35809155_ctg370	1956852	1957169	-	EIDGLC_02026	11.3	4.4		SO:0001217, UniRef:UniRef50_A0A494RFK5
SRR35809155_ctg370	1957321	1957704	-	EIDGLC_02027	13.6	5.1		
SRR35809155_ctg370	1961526	1962026	-	EIDGLC_02030	18.1	4.8		
SRR35809155_ctg370	1964065	1964484	-	EIDGLC_02033	15.0	5.3	PF00903.31|Glyoxalase, PF18029.7|Glyoxalase_6	PFAM:PF00903.31, PFAM:PF18029.7
SRR35809155_ctg370	1968434	1969066	-	EIDGLC_02037	21.7	7.9		
SRR35809155_ctg370	1970610	1970768	+	EIDGLC_02039	5.8	4.6		
SRR35809155_ctg370	1974976	1975107	-	EIDGLC_02043	5.4	11.5		
SRR35809155_ctg370	1996656	1997444	+	EIDGLC_02060	30.6	9.9	PF00535.33|Glycos_transf_2	PFAM:PF00535.33
SRR35809155_ctg370	1997441	1998541	+	EIDGLC_02061	41.9	8.1	PF04055.27|Radical_SAM	PFAM:PF04055.27
SRR35809155_ctg370	2000529	2001920	-	EIDGLC_02063	49.7	9.7		
SRR35809155_ctg370	2006570	2007838	-	EIDGLC_02069	46.7	9.9	PF02397.22|Bac_transf	PFAM:PF02397.22
SRR35809155_ctg370	2012760	2013476	+	EIDGLC_02074	26.2	6.1	PF08241.18|Methyltransf_11, PF08242.18|Methyltransf_12, PF13489.12|Methyltransf_23, PF13649.12|Methyltransf_25	PFAM:PF08241.18, PFAM:PF08242.18, PFAM:PF13489.12, PFAM:PF13649.12
SRR35809155_ctg370	2013470	2014333	+	EIDGLC_02075	32.0	8.8	PF00535.33|Glycos_transf_2, PF13641.12|Glyco_tranf_2_3	PFAM:PF00535.33, PFAM:PF13641.12
SRR35809155_ctg370	2017696	2018604	-	EIDGLC_02079	33.4	7.8		
SRR35809155_ctg370	2018601	2019404	-	EIDGLC_02080	29.4	9.3	PF00535.33|Glycos_transf_2, PF13641.12|Glyco_tranf_2_3	PFAM:PF00535.33, PFAM:PF13641.12
SRR35809155_ctg370	2019498	2020736	+	EIDGLC_02081	43.9	9.5		
SRR35809155_ctg370	2020733	2021614	-	EIDGLC_02082	32.7	6.3	PF08241.18|Methyltransf_11, PF08242.18|Methyltransf_12, PF13489.12|Methyltransf_23, PF13649.12|Methyltransf_25, PF13847.12|Methyltransf_31	PFAM:PF08241.18, PFAM:PF08242.18, PFAM:PF13489.12, PFAM:PF13649.12, PFAM:PF13847.12
SRR35809155_ctg370	2021598	2022821	-	EIDGLC_02083	42.4	9.6		
SRR35809155_ctg370	2025836	2027020	+	EIDGLC_02085	43.3	6.4		
SRR35809155_ctg370	2027155	2027382	+	EIDGLC_02086	7.2	4.3		
SRR35809155_ctg370	2070165	2070980	+	EIDGLC_02115	28.9	4.7		
SRR35809155_ctg370	2071852	2072391	+	EIDGLC_02117	18.9	5.4		
SRR35809155_ctg370	2088423	2089337	+	EIDGLC_02138	31.7	4.8		
SRR35809155_ctg370	2099769	2099954	+	EIDGLC_02147	6.4	4.4		
SRR35809155_ctg370	2111967	2112227	+	EIDGLC_02160	8.5	4.1		
SRR35809155_ctg370	2117639	2117914	-	EIDGLC_02168	9.7	10.8		
SRR35809155_ctg370	2127946	2128383	-	EIDGLC_02178	16.1	5.2	PF04940.18|BLUF	PFAM:PF04940.18
SRR35809155_ctg370	2129469	2132897	+	EIDGLC_02180	117.2	4.4	PF00089.32|Trypsin, PF03797.25|Autotransporter	PFAM:PF00089.32, PFAM:PF03797.25
SRR35809155_ctg370	2135108	2135779	+	EIDGLC_02182	25.1	6.1		
SRR35809155_ctg370	2135817	2136962	+	EIDGLC_02183	42.6	6.4	PF01381.28|HTH_3, PF13443.12|HTH_26, PF13560.12|HTH_31	PFAM:PF01381.28, PFAM:PF13443.12, PFAM:PF13560.12
SRR35809155_ctg370	2139578	2139817	+	EIDGLC_02187	7.8	11.3		
SRR35809155_ctg370	2140154	2140609	+	EIDGLC_02188	16.8	10.6		
SRR35809155_ctg370	2143708	2144487	-	EIDGLC_02192	28.1	9.6	PF04397.21|LytTR	PFAM:PF04397.21
SRR35809155_ctg370	2147719	2149230	+	EIDGLC_02195	52.7	9.6		
SRR35809155_ctg370	2150598	2151104	+	EIDGLC_02197	17.4	5.0		
SRR35809155_ctg370	2151101	2151691	+	EIDGLC_02198	20.7	8.8		SO:0001217, UniRef:UniRef50_A0A0Q7E571
SRR35809155_ctg370	2157517	2157909	+	EIDGLC_02202	13.6	6.3		
SRR35809155_ctg370	2157915	2158238	+	EIDGLC_02203	11.2	4.8		
SRR35809155_ctg370	2176291	2176494	-	EIDGLC_02224	6.7	10.7		
SRR35809155_ctg370	2176482	2177585	-	EIDGLC_02225	38.9	10.5		
SRR35809155_ctg370	2182290	2182520	+	EIDGLC_02230	7.7	7.7		
SRR35809155_ctg370	2190397	2191014	+	EIDGLC_02237	22.6	5.4	PF05233.18|PHB_acc, PF07879.16|PHB_acc_N	PFAM:PF05233.18, PFAM:PF07879.16
SRR35809155_ctg370	2191016	2191369	+	EIDGLC_02238	12.1	6.3		SO:0001217, UniRef:UniRef50_D9QFM1
SRR35809155_ctg370	2196150	2196239	+	EIDGLC_02243	3.3	8.0		
SRR35809155_ctg370	2197729	2198025	+	EIDGLC_02245	10.7	5.1		SO:0001217, UniRef:UniRef50_A0A0Q7SMU6
SRR35809155_ctg370	2208613	2209059	-	EIDGLC_02253	15.4	4.9		
SRR35809155_ctg370	2209062	2209676	-	EIDGLC_02254	22.2	4.6		
SRR35809155_ctg370	2214396	2215376	+	EIDGLC_02259	34.4	4.9		
SRR35809155_ctg370	2218829	2220313	+	EIDGLC_02263	51.9	5.2		
SRR35809155_ctg370	2226771	2227253	+	EIDGLC_02271	17.1	5.0		
SRR35809155_ctg370	2228919	2229692	+	EIDGLC_02274	27.5	4.9	PF03544.19|TonB_C	PFAM:PF03544.19
SRR35809155_ctg370	2254834	2255550	+	EIDGLC_02298	25.2	7.8		
SRR35809155_ctg370	2256230	2257069	-	EIDGLC_02300	29.6	11.1	PF00165.29|HTH_AraC, PF12833.13|HTH_18	PFAM:PF00165.29, PFAM:PF12833.13
SRR35809155_ctg370	2257548	2258858	+	EIDGLC_02302	46.5	6.4	PF00144.29|Beta-lactamase	PFAM:PF00144.29
SRR35809155_ctg370	2266970	2267326	+	EIDGLC_02305	12.6	9.0		
SRR35809155_ctg370	2267592	2267873	+	EIDGLC_02307	10.3	10.4		
SRR35809155_ctg370	2277216	2277398	-	EIDGLC_02315	6.1	10.1		
SRR35809155_ctg370	2279093	2279296	+	EIDGLC_02319	7.3	5.8		
SRR35809155_ctg370	2279394	2279663	+	EIDGLC_02320	10.0	4.6	PF21834.1|DUF6894	PFAM:PF21834.1
SRR35809155_ctg370	2284494	2284766	+	EIDGLC_02328	9.8	11.4		
SRR35809155_ctg370	2285414	2285641	+	EIDGLC_02330	8.1	6.2		SO:0001217, UniRef:UniRef50_D9QMK0
SRR35809155_ctg370	2285721	2286398	+	EIDGLC_02331	24.5	5.5		
SRR35809155_ctg370	2290139	2290588	+	EIDGLC_02336	16.2	5.9		
SRR35809155_ctg370	2293559	2294044	-	EIDGLC_02338	16.7	8.8		
SRR35809155_ctg370	2294630	2295754	+	EIDGLC_02339	42.2	6.1		
SRR35809155_ctg370	2295751	2296848	+	EIDGLC_02340	40.6	5.4	PF00805.28|Pentapeptide, PF13041.12|PPR_2	PFAM:PF00805.28, PFAM:PF13041.12
SRR35809155_ctg370	2296868	2297056	-	EIDGLC_02341	6.4	5.1		
SRR35809155_ctg370	2297433	2298050	+	EIDGLC_02342	24.3	10.4		
SRR35809155_ctg370	2300693	2303440	+	EIDGLC_02346	97.0	5.5	PF00023.36|Ank, PF12796.13|Ank_2, PF13606.12|Ank_3, PF13637.12|Ank_4, PF13857.12|Ank_5	PFAM:PF00023.36, PFAM:PF12796.13, PFAM:PF13606.12, PFAM:PF13637.12, PFAM:PF13857.12
SRR35809155_ctg370	2304077	2304361	-	EIDGLC_02348	10.2	6.1		
SRR35809155_ctg370	2304679	2304891	+	EIDGLC_02349	7.5	4.2		
SRR35809155_ctg370	2310387	2310569	-	EIDGLC_02355	6.4	4.9		
SRR35809155_ctg370	2311786	2311953	-	EIDGLC_02357	6.0	7.9		
SRR35809155_ctg370	2312410	2312598	-	EIDGLC_02359	6.9	9.1		
SRR35809155_ctg370	2321609	2321773	+	EIDGLC_02368	5.8	12.0		
SRR35809155_ctg370	2323689	2324030	-	EIDGLC_02371	11.5	6.6		
SRR35809155_ctg370	2327435	2328028	+	EIDGLC_02375	19.0	4.3		
SRR35809155_ctg370	2331104	2331475	+	EIDGLC_02377	13.5	4.5		
SRR35809155_ctg370	2335439	2336266	-	EIDGLC_02383	29.6	6.1	PF08241.18|Methyltransf_11	PFAM:PF08241.18
SRR35809155_ctg370	2337066	2338349	-	EIDGLC_02385	44.6	5.7	PF00805.28|Pentapeptide, PF13576.12|Pentapeptide_3, PF13599.12|Pentapeptide_4	PFAM:PF00805.28, PFAM:PF13576.12, PFAM:PF13599.12
SRR35809155_ctg370	2340052	2341551	+	EIDGLC_02388	54.3	5.3	PF00408.26|PGM_PMM_IV, PF02878.22|PGM_PMM_I, PF02879.22|PGM_PMM_II, PF02880.22|PGM_PMM_III	PFAM:PF00408.26, PFAM:PF02878.22, PFAM:PF02879.22, PFAM:PF02880.22
SRR35809155_ctg370	2342338	2343795	-	EIDGLC_02390	51.1	9.5	PF00512.31|HisKA, PF02518.31|HATPase_c	PFAM:PF00512.31, PFAM:PF02518.31
SRR35809155_ctg370	2357305	2357715	+	EIDGLC_02402	14.2	5.7	PF00036.39|EF-hand_1, PF13202.12|EF-hand_5, PF13405.12|EF-hand_6, PF13499.12|EF-hand_7	PFAM:PF00036.39, PFAM:PF13202.12, PFAM:PF13405.12, PFAM:PF13499.12
SRR35809155_ctg370	2358480	2359457	+	EIDGLC_02404	35.1	9.0	PF00512.31|HisKA, PF00672.30|HAMP, PF02518.31|HATPase_c	PFAM:PF00512.31, PFAM:PF00672.30, PFAM:PF02518.31
SRR35809155_ctg370	2366783	2368234	+	EIDGLC_02414	52.1	5.5	PF02518.31|HATPase_c, PF07730.19|HisKA_3, PF08447.18|PAS_3	PFAM:PF02518.31, PFAM:PF07730.19, PFAM:PF08447.18
SRR35809155_ctg370	2378414	2378839	+	EIDGLC_02426	14.1	9.2		
SRR35809155_ctg370	2378836	2379453	-	EIDGLC_02427	22.2	5.9		
SRR35809155_ctg370	2388418	2388747	-	EIDGLC_02441	11.8	4.9		
SRR35809155_ctg370	2388744	2389172	-	EIDGLC_02442	16.1	10.0		
SRR35809155_ctg370	2389180	2389545	-	EIDGLC_02443	12.5	6.2		
SRR35809155_ctg370	2389560	2390036	-	EIDGLC_02444	17.1	9.9	PF00196.25|GerE, PF04967.18|HTH_10, PF08281.18|Sigma70_r4_2	PFAM:PF00196.25, PFAM:PF04967.18, PFAM:PF08281.18
SRR35809155_ctg370	2390292	2390534	+	EIDGLC_02445	8.6	4.4		SO:0001217, UniRef:UniRef50_A0A0Q7T7K6
SRR35809155_ctg370	2391965	2392750	+	EIDGLC_02448	26.8	11.2		
SRR35809155_ctg370	2400044	2400310	-	EIDGLC_02455	7.8	4.1		
SRR35809155_ctg370	2417515	2417958	-	EIDGLC_02470	15.7	4.2	PF07007.17|LprI	PFAM:PF07007.17
SRR35809155_ctg370	2418951	2419094	+	EIDGLC_02473	5.2	10.9		
SRR35809155_ctg370	2425845	2426540	+	EIDGLC_02480	23.7	9.7		
SRR35809155_ctg370	2430852	2431004	+	EIDGLC_02485	5.5	9.5		
SRR35809155_ctg370	2431001	2432170	-	EIDGLC_02486	39.9	6.5		
SRR35809155_ctg370	2438146	2440743	+	EIDGLC_02491	90.4	5.4	PF00072.30|Response_reg, PF00512.31|HisKA, PF02518.31|HATPase_c, PF12860.13|PAS_7	PFAM:PF00072.30, PFAM:PF00512.31, PFAM:PF02518.31, PFAM:PF12860.13
SRR35809155_ctg370	2442078	2442758	-	EIDGLC_02493	23.2	6.2		
SRR35809155_ctg370	2443007	2443291	-	EIDGLC_02494	10.0	4.3		
SRR35809155_ctg370	2443835	2445370	-	EIDGLC_02495	57.2	6.0		
SRR35809155_ctg370	2445624	2445827	-	EIDGLC_02496	7.6	9.9		
SRR35809155_ctg370	2448615	2449064	+	EIDGLC_02499	17.3	9.6		
SRR35809155_ctg370	2453464	2454456	+	EIDGLC_02503	36.4	5.9		
SRR35809155_ctg370	2465975	2466274	-	EIDGLC_02516	10.7	4.9		
SRR35809155_ctg370	2469012	2469320	+	EIDGLC_02520	11.4	12.0		
SRR35809155_ctg370	2470114	2471235	+	EIDGLC_02523	42.5	6.8		SO:0001217, UniRef:UniRef50_D9QHS3
SRR35809155_ctg370	2472837	2473760	+	EIDGLC_02525	32.3	9.8	PF13650.11|Asp_protease_2, PF13975.11|gag-asp_proteas	PFAM:PF13650.11, PFAM:PF13975.11
SRR35809155_ctg370	2473804	2474544	+	EIDGLC_02526	25.5	6.1	PF01979.26|Amidohydro_1	PFAM:PF01979.26
SRR35809155_ctg370	2474622	2475128	+	EIDGLC_02527	18.1	4.8	PF01979.26|Amidohydro_1, PF07969.17|Amidohydro_3	PFAM:PF01979.26, PFAM:PF07969.17
SRR35809155_ctg370	2476210	2476584	+	EIDGLC_02529	12.8	11.8		
SRR35809155_ctg370	2480540	2481166	-	EIDGLC_02537	22.8	9.0	PF00486.34|Trans_reg_C	PFAM:PF00486.34
SRR35809155_ctg370	2482789	2483733	-	EIDGLC_02541	30.8	6.4		
SRR35809155_ctg370	2483820	2484596	-	EIDGLC_02542	28.2	8.7	PF01061.29|ABC2_membrane	PFAM:PF01061.29
SRR35809155_ctg370	2488116	2488748	-	EIDGLC_02546	21.2	9.9		
SRR35809155_ctg370	2492372	2492701	-	EIDGLC_02550	11.7	11.1	PF07238.19|PilZ	PFAM:PF07238.19
SRR35809155_ctg370	2500722	2501090	-	EIDGLC_02562	13.2	5.8		
SRR35809155_ctg370	2508122	2508496	+	EIDGLC_02568	13.2	5.5		
SRR35809155_ctg370	2510236	2510871	+	EIDGLC_02570	22.5	5.0		
SRR35809155_ctg370	2511590	2511967	+	EIDGLC_02572	12.6	6.1	PF12200.13|DUF3597	PFAM:PF12200.13
SRR35809155_ctg370	2517182	2517397	-	EIDGLC_02579	8.0	6.0		
SRR35809155_ctg370	2525355	2526128	-	EIDGLC_02588	28.4	5.8		
SRR35809155_ctg370	2528215	2528775	-	EIDGLC_02592	19.9	9.1	PF05257.22|CHAP	PFAM:PF05257.22
SRR35809155_ctg370	2530107	2530427	+	EIDGLC_02594	11.6	10.4		
SRR35809155_ctg370	2530429	2530782	-	EIDGLC_02595	12.1	4.2		
SRR35809155_ctg370	2533871	2534218	-	EIDGLC_02600	12.9	6.7	PF01638.23|HxlR	PFAM:PF01638.23
SRR35809155_ctg370	2536007	2536594	-	EIDGLC_02603	20.6	7.8	PF13532.12|2OG-FeII_Oxy_2	PFAM:PF13532.12
SRR35809155_ctg370	2544194	2544622	-	EIDGLC_02611	15.5	5.8	PF13650.11|Asp_protease_2, PF13975.11|gag-asp_proteas	PFAM:PF13650.11, PFAM:PF13975.11
SRR35809155_ctg370	2544680	2544916	-	EIDGLC_02612	8.6	4.9		
SRR35809155_ctg370	2564187	2564390	+	EIDGLC_02631	7.5	5.3		
SRR35809155_ctg370	2605749	2606222	-	EIDGLC_02674	15.9	5.6	PF07452.17|CHRD	PFAM:PF07452.17
SRR35809155_ctg370	2608957	2609436	-	EIDGLC_02679	16.3	8.5		
SRR35809155_ctg370	2610243	2610689	-	EIDGLC_02681	14.9	4.5		
SRR35809155_ctg370	2624688	2626283	-	EIDGLC_02696	56.1	9.8		
SRR35809155_ctg370	2641453	2641908	+	EIDGLC_02706	14.8	4.4		
SRR35809155_ctg370	2672298	2672777	+	EIDGLC_02732	16.5	9.9		
SRR35809155_ctg370	2676499	2676615	-	EIDGLC_02738	4.0	6.5		
SRR35809155_ctg370	2695628	2696251	-	EIDGLC_02753	21.8	10.1	PF01047.28|MarR, PF09339.16|HTH_IclR, PF13412.12|HTH_24, PF13463.12|HTH_27	PFAM:PF01047.28, PFAM:PF09339.16, PFAM:PF13412.12, PFAM:PF13463.12
SRR35809155_ctg370	2709135	2709359	-	EIDGLC_02766	7.7	8.5		
SRR35809155_ctg370	2709957	2710115	-	EIDGLC_02768	5.6	6.0		
SRR35809155_ctg370	2720293	2721417	-	EIDGLC_02781	41.5	9.4	PF01757.29|Acyl_transf_3	PFAM:PF01757.29
SRR35809155_ctg370	2721639	2723066	+	EIDGLC_02782	48.9	6.3		
SRR35809155_ctg370	2748553	2749110	+	EIDGLC_02809	20.0	5.5		
SRR35809155_ctg370	2752147	2752623	+	EIDGLC_02812	17.2	6.7	PF01037.27|AsnC_trans_reg, PF13404.12|HTH_AsnC-type, PF13412.12|HTH_24	PFAM:PF01037.27, PFAM:PF13404.12, PFAM:PF13412.12
SRR35809155_ctg370	2765248	2765700	+	EIDGLC_02827	16.0	6.1		
SRR35809155_ctg370	2770066	2770815	+	EIDGLC_02834	25.7	4.7	PF08241.18|Methyltransf_11, PF08242.18|Methyltransf_12, PF13649.12|Methyltransf_25	PFAM:PF08241.18, PFAM:PF08242.18, PFAM:PF13649.12
SRR35809155_ctg370	2774466	2775011	+	EIDGLC_02839	18.2	6.7		
SRR35809155_ctg370	2775471	2775719	+	EIDGLC_02841	8.6	5.8		
SRR35809155_ctg370	2775767	2775868	+	EIDGLC_02842	3.4	5.5		
SRR35809155_ctg370	2776717	2777205	+	EIDGLC_02843	16.7	9.0		
SRR35809155_ctg370	2777253	2777738	+	EIDGLC_02844	17.9	6.7		
SRR35809155_ctg370	2780468	2780968	+	EIDGLC_02848	17.2	9.4		
SRR35809155_ctg370	2784155	2787160	+	EIDGLC_02852	105.2	9.0	PF00009.33|GTP_EFTU, PF03144.31|GTP_EFTU_D2, PF04760.21|IF2_N, PF11987.13|IF-2, PF22042.2|EF-G_D2	PFAM:PF00009.33, PFAM:PF03144.31, PFAM:PF04760.21, PFAM:PF11987.13, PFAM:PF22042.2
SRR35809155_ctg370	2787812	2788480	+	EIDGLC_02854	23.6	9.9		SO:0001217, UniRef:UniRef50_A0A519KV61
SRR35809155_ctg370	2789373	2789684	+	EIDGLC_02856	10.3	6.0		
SRR35809155_ctg370	2794337	2795473	+	EIDGLC_02861	42.2	8.0		
SRR35809155_ctg370	2795660	2796589	-	EIDGLC_02862	34.3	6.1	PF18863.6|AbiJ_NTD4, PF22809.1|DUF7014	PFAM:PF18863.6, PFAM:PF22809.1
SRR35809155_ctg370	2803164	2803577	-	EIDGLC_02866	14.8	8.0		
SRR35809155_ctg370	2805769	2806416	-	EIDGLC_02869	23.4	9.6		
SRR35809155_ctg370	2806498	2807454	-	EIDGLC_02870	35.9	6.0		
SRR35809155_ctg370	2809950	2810354	-	EIDGLC_02873	14.0	5.3		
SRR35809155_ctg370	2811601	2812227	+	EIDGLC_02875	21.6	4.8	PF00072.30|Response_reg	PFAM:PF00072.30
SRR35809155_ctg370	2813190	2813567	+	EIDGLC_02877	13.4	6.2		
SRR35809155_ctg370	2815463	2816542	-	EIDGLC_02880	37.7	5.0	PF13413.12|HTH_25	PFAM:PF13413.12
SRR35809155_ctg370	2821291	2821509	+	EIDGLC_02884	7.9	5.5		
SRR35809155_ctg370	2822807	2823238	-	EIDGLC_02887	15.9	6.1		
SRR35809155_ctg370	2833543	2834421	-	EIDGLC_02898	31.7	5.7		
SRR35809155_ctg370	2834591	2835499	+	EIDGLC_02899	32.2	5.0	PF00561.26|Abhydrolase_1, PF12697.13|Abhydrolase_6	PFAM:PF00561.26, PFAM:PF12697.13
SRR35809155_ctg370	2838056	2838538	-	EIDGLC_02902	16.6	6.0		
SRR35809155_ctg370	2851799	2852149	-	EIDGLC_02918	12.7	10.1		
SRR35809155_ctg370	2853572	2853772	+	EIDGLC_02920	7.4	12.0		
SRR35809155_ctg370	2860036	2861007	-	EIDGLC_02928	34.7	4.9	PF03781.22|FGE-sulfatase	PFAM:PF03781.22
SRR35809155_ctg370	2863395	2863886	-	EIDGLC_02931	18.1	7.1		
SRR35809155_ctg370	2864944	2867700	+	EIDGLC_02934	98.2	5.1	PF08238.18|Sel1, PF22905.2|Hydro_N_hd	PFAM:PF08238.18, PFAM:PF22905.2
SRR35809155_ctg370	2869647	2870405	+	EIDGLC_02937	26.6	6.0	PF20303.3|YLATT	PFAM:PF20303.3
SRR35809155_ctg370	2885820	2886056	-	EIDGLC_02952	8.0	9.0		
SRR35809155_ctg370	2888117	2888407	-	EIDGLC_02955	9.6	4.1		
SRR35809155_ctg370	2895257	2895748	+	EIDGLC_02965	17.6	5.2	PF15919.11|HicB_lk_antitox	PFAM:PF15919.11
SRR35809155_ctg370	2895745	2896059	+	EIDGLC_02966	11.2	4.1		
SRR35809155_ctg370	2896115	2896453	-	EIDGLC_02967	11.7	6.1		
SRR35809155_ctg370	2896450	2896614	-	EIDGLC_02968	5.7	10.6	PF03869.20|Arc	PFAM:PF03869.20
SRR35809155_ctg370	2896650	2897012	+	EIDGLC_02969	14.1	5.1	PF03869.20|Arc	PFAM:PF03869.20
SRR35809155_ctg370	2897969	2898520	+	EIDGLC_02971	20.3	5.8		
SRR35809155_ctg370	2898651	2898965	-	EIDGLC_02972	11.3	5.8		
SRR35809155_ctg370	2899963	2900361	-	EIDGLC_02974	13.6	5.0		
SRR35809155_ctg370	2900839	2901195	-	EIDGLC_02976	12.6	11.4		
SRR35809155_ctg370	2901248	2901607	-	EIDGLC_02977	12.5	5.7		
SRR35809155_ctg370	2901604	2902113	-	EIDGLC_02978	18.9	4.8		
SRR35809155_ctg370	2902110	2908382	-	EIDGLC_02979	222.7	5.1	PF24801.1|FNIII-A_GpJ	PFAM:PF24801.1
SRR35809155_ctg370	2908861	2909331	-	EIDGLC_02981	16.9	4.4		
SRR35809155_ctg370	2909333	2910241	-	EIDGLC_02982	31.6	6.1		
SRR35809155_ctg370	2910244	2912820	-	EIDGLC_02983	90.6	5.1		
SRR35809155_ctg370	2912825	2913676	-	EIDGLC_02984	30.3	5.1		
SRR35809155_ctg370	2913673	2914662	-	EIDGLC_02985	34.8	5.5		
SRR35809155_ctg370	2914689	2914997	-	EIDGLC_02986	10.8	5.9		
SRR35809155_ctg370	2915013	2915513	-	EIDGLC_02987	17.5	4.4		
SRR35809155_ctg370	2915510	2916367	-	EIDGLC_02988	30.6	10.3		SO:0001217, UniRef:UniRef50_A0A168N2P8
SRR35809155_ctg370	2916367	2916708	-	EIDGLC_02989	11.9	4.3	PF05354.17|Phage_attach	PFAM:PF05354.17
SRR35809155_ctg370	2916742	2917071	-	EIDGLC_02990	10.8	5.7		
SRR35809155_ctg370	2917143	2919188	-	EIDGLC_02991	72.1	5.2		
SRR35809155_ctg370	2919193	2920941	-	EIDGLC_02992	63.2	5.7		
SRR35809155_ctg370	2920938	2921150	-	EIDGLC_02993	7.8	11.1		
SRR35809155_ctg370	2921161	2923119	-	EIDGLC_02994	73.0	8.3	PF05876.18|GpA_ATPase, PF20454.4|GpA_nuclease	PFAM:PF05876.18, PFAM:PF20454.4
SRR35809155_ctg370	2923199	2923879	-	EIDGLC_02995	23.8	5.3		
SRR35809155_ctg370	2924335	2924595	-	EIDGLC_02996	9.6	5.8		
SRR35809155_ctg370	2924926	2925468	-	EIDGLC_02997	20.7	4.5		
SRR35809155_ctg370	2925644	2926369	-	EIDGLC_02998	26.7	9.7	PF02357.24|NusG	PFAM:PF02357.24
SRR35809155_ctg370	2926689	2927810	-	EIDGLC_02999	41.3	6.2	PF13481.12|AAA_25	PFAM:PF13481.12
SRR35809155_ctg370	2927807	2928760	-	EIDGLC_03000	33.8	6.7	PF13362.12|Toprim_3, PF23639.1|DUF7146	PFAM:PF13362.12, PFAM:PF23639.1
SRR35809155_ctg370	2928760	2929059	-	EIDGLC_03001	10.2	5.8		
SRR35809155_ctg370	2929059	2929514	-	EIDGLC_03002	15.6	5.4		
SRR35809155_ctg370	2929595	2929828	+	EIDGLC_03003	8.6	11.0		
SRR35809155_ctg370	2929756	2930001	-	EIDGLC_03004	9.0	11.0		
SRR35809155_ctg370	2930113	2930760	+	EIDGLC_03005	23.0	5.7	PF00717.28|Peptidase_S24, PF01381.28|HTH_3	PFAM:PF00717.28, PFAM:PF01381.28
SRR35809155_ctg370	2930826	2932142	+	EIDGLC_03006	46.7	4.9		
SRR35809155_ctg370	2932142	2932264	+	EIDGLC_03007	4.3	8.0		
SRR35809155_ctg370	2932261	2932470	+	EIDGLC_03008	7.8	11.0		
SRR35809155_ctg370	2932467	2932712	+	EIDGLC_03009	9.0	5.8		
SRR35809155_ctg370	2932709	2933026	+	EIDGLC_03010	11.0	5.1		
SRR35809155_ctg370	2933023	2933364	+	EIDGLC_03011	12.3	10.2		
SRR35809155_ctg370	2933361	2933483	+	EIDGLC_03012	4.5	11.4		
SRR35809155_ctg370	2933480	2933674	+	EIDGLC_03013	7.1	9.3		
SRR35809155_ctg370	2933671	2934006	+	EIDGLC_03014	12.1	10.3	PF12728.13|HTH_17	PFAM:PF12728.13
SRR35809155_ctg370	2940923	2941420	-	EIDGLC_03020	16.1	4.5		
SRR35809155_ctg370	2949438	2949689	-	EIDGLC_03028	9.3	10.0		
SRR35809155_ctg370	2950223	2951047	-	EIDGLC_03030	29.0	8.1	PF00515.34|TPR_1, PF07719.23|TPR_2, PF13176.12|TPR_7, PF13181.12|TPR_8, PF13374.12|TPR_10, PF13414.12|TPR_11, PF13424.12|TPR_12, PF13428.12|TPR_14, PF13431.12|TPR_17, PF13432.12|TPR_16, PF14559.12|TPR_19	PFAM:PF00515.34, PFAM:PF07719.23, PFAM:PF13176.12, PFAM:PF13181.12, PFAM:PF13374.12, PFAM:PF13414.12, PFAM:PF13424.12, PFAM:PF13428.12, PFAM:PF13431.12, PFAM:PF13432.12, PFAM:PF14559.12
SRR35809155_ctg370	2952596	2953375	+	EIDGLC_03032	27.1	5.3	PF18348.7|SH3_16	PFAM:PF18348.7
SRR35809155_ctg370	2953437	2954126	-	EIDGLC_03033	24.7	5.7	PF10531.15|SLBB, PF22461.2|SLBB_2	PFAM:PF10531.15, PFAM:PF22461.2, SO:0001217, UniRef:UniRef50_A0A0Q7E9D7
SRR35809155_ctg370	2954313	2955062	-	EIDGLC_03034	24.6	5.2		
SRR35809155_ctg370	2956845	2957240	+	EIDGLC_03037	13.3	10.7		
SRR35809155_ctg370	2960617	2962608	+	EIDGLC_03041	71.6	5.4	PF00072.30|Response_reg, PF00512.31|HisKA, PF02518.31|HATPase_c, PF05228.19|CHASE4	PFAM:PF00072.30, PFAM:PF00512.31, PFAM:PF02518.31, PFAM:PF05228.19
SRR35809155_ctg370	2963815	2964726	-	EIDGLC_03043	33.5	4.9		
SRR35809155_ctg370	2968473	2968934	+	EIDGLC_03049	16.4	9.0		
SRR35809155_ctg370	2990161	2990835	-	EIDGLC_03072	23.3	5.9	PF13441.11|Gly-zipper_YMGG, PF13488.11|Gly-zipper_Omp	PFAM:PF13441.11, PFAM:PF13488.11
SRR35809155_ctg370	2998654	2999058	+	EIDGLC_03079	14.1	4.7		
SRR35809155_ctg370	3002840	3003490	-	EIDGLC_03084	23.1	5.4		
SRR35809155_ctg370	3003685	3004266	+	EIDGLC_03085	20.2	9.8		
SRR35809155_ctg370	3019075	3019701	+	EIDGLC_03106	21.5	9.3		
SRR35809155_ctg370	3025826	3026284	-	EIDGLC_03115	16.9	4.1		
SRR35809155_ctg370	3046344	3047462	+	EIDGLC_03134	39.3	8.5		
SRR35809155_ctg370	3049789	3050559	-	EIDGLC_03138	27.5	5.2		
SRR35809155_ctg370	3066660	3067343	-	EIDGLC_03154	22.9	4.2		
SRR35809155_ctg370	3067424	3067660	-	EIDGLC_03155	8.6	5.3		
SRR35809155_ctg370	3067671	3068348	-	EIDGLC_03156	23.7	4.3		
SRR35809155_ctg370	3068505	3068864	-	EIDGLC_03157	13.0	10.3	PF01381.28|HTH_3, PF07022.19|Phage_CI_repr	PFAM:PF01381.28, PFAM:PF07022.19
SRR35809155_ctg370	3082674	3083063	+	EIDGLC_03173	13.9	9.4		
SRR35809155_ctg370	3090244	3091011	-	EIDGLC_03183	26.8	11.2		
SRR35809155_ctg370	3094236	3094604	-	EIDGLC_03188	13.3	4.5	PF00903.31|Glyoxalase	PFAM:PF00903.31
SRR35809155_ctg370	3095638	3096051	+	EIDGLC_03191	15.3	4.8	PF12680.13|SnoaL_2	PFAM:PF12680.13
SRR35809155_ctg370	3098223	3098405	-	EIDGLC_03194	6.6	6.8		
SRR35809155_ctg370	3109071	3109334	-	EIDGLC_03202	9.5	4.8		
SRR35809155_ctg370	3122704	3123066	+	EIDGLC_03209	12.5	4.9		
SRR35809155_ctg370	3128339	3128584	+	EIDGLC_03214	9.3	6.6	PF09019.17|EcoRII-C	PFAM:PF09019.17
SRR35809155_ctg370	3129354	3129614	+	EIDGLC_03215	10.0	5.1		
SRR35809155_ctg370	3132085	3132525	-	EIDGLC_03219	14.6	8.9		
SRR35809155_ctg370	3139425	3139625	-	EIDGLC_03227	6.9	4.1		SO:0001217, UniRef:UniRef50_A0A1I6QKA0
SRR35809155_ctg370	3140570	3141139	+	EIDGLC_03229	19.9	4.7	PF03544.19|TonB_C	PFAM:PF03544.19
SRR35809155_ctg370	3146487	3146861	+	EIDGLC_03236	13.7	10.7		SO:0001217, UniRef:UniRef50_A0A539D335
SRR35809155_ctg370	3154131	3155006	+	EIDGLC_03245	30.8	10.1		
SRR35809155_ctg370	3165641	3166066	-	EIDGLC_03260	16.6	10.5		
SRR35809155_ctg370	3166297	3166590	+	EIDGLC_03261	10.5	11.4		
SRR35809155_ctg370	3195831	3196313	-	EIDGLC_03287	17.1	6.7	PF03795.20|YCII	PFAM:PF03795.20
SRR35809155_ctg370	3197575	3197889	+	EIDGLC_03289	11.3	5.2		SO:0001217, UniRef:UniRef50_A0A0P0DCU5
SRR35809155_ctg370	3197886	3198512	-	EIDGLC_03290	21.5	5.7	PF13548.11|DUF4126	PFAM:PF13548.11
SRR35809155_ctg370	3220143	3220466	-	EIDGLC_03310	11.4	9.7		
SRR35809155_ctg370	3220594	3220749	-	EIDGLC_03311	5.8	10.9		SO:0001217, UniRef:UniRef50_A0A7Z8Y5T6
SRR35809155_ctg370	3220906	3221136	+	EIDGLC_03312	7.9	7.7		
SRR35809155_ctg370	3222792	3223664	+	EIDGLC_03315	31.8	5.5		SO:0001217, UniRef:UniRef50_A0A0Q7S9P3
SRR35809155_ctg370	3223906	3224589	-	EIDGLC_03317	24.5	9.6		SO:0001217, UniRef:UniRef50_A0A1S6EXU7
SRR35809155_ctg370	3225175	3225963	-	EIDGLC_03319	26.6	4.9	PF13714.12|PEP_mutase	PFAM:PF13714.12
SRR35809155_ctg370	3229560	3229883	-	EIDGLC_03322	12.0	9.4		
SRR35809155_ctg370	3231265	3231657	+	EIDGLC_03323	13.6	4.6		
SRR35809155_ctg370	3231700	3232170	-	EIDGLC_03324	17.0	10.2		
SRR35809155_ctg370	3232964	3233170	+	EIDGLC_03326	7.3	11.2		
SRR35809155_ctg370	3242871	3243824	-	EIDGLC_03339	33.5	10.4		
SRR35809155_ctg370	3243817	3244194	-	EIDGLC_03340	13.9	5.6		
SRR35809155_ctg370	3244394	3244918	-	EIDGLC_03341	17.5	11.6		
SRR35809155_ctg370	3248558	3249028	+	EIDGLC_03346	16.9	10.2		
SRR35809155_ctg370	3249190	3249975	+	EIDGLC_03347	28.4	9.4		
SRR35809155_ctg370	3250114	3250890	-	EIDGLC_03348	26.5	4.3		
SRR35809155_ctg370	3251051	3251659	+	EIDGLC_03349	20.2	4.3		
SRR35809155_ctg370	3251759	3252316	-	EIDGLC_03350	20.1	7.9	PF02559.22|CarD_TRCF_RID, PF21095.3|CarD_C	PFAM:PF02559.22, PFAM:PF21095.3
SRR35809155_ctg370	3252572	3253321	-	EIDGLC_03351	26.2	9.3		
SRR35809155_ctg370	3253797	3254261	-	EIDGLC_03353	16.5	9.1		
SRR35809155_ctg370	3257985	3258773	+	EIDGLC_03357	28.3	7.1		
SRR35809155_ctg370	3258780	3258878	-	EIDGLC_03358	3.8	12.0		
SRR35809155_ctg370	3265691	3266545	-	EIDGLC_03368	30.7	5.7	PF13640.12|2OG-FeII_Oxy_3	PFAM:PF13640.12
SRR35809155_ctg370	3270161	3271081	+	EIDGLC_03374	33.5	9.6		
SRR35809155_ctg370	3271098	3271832	+	EIDGLC_03375	25.3	9.8		
SRR35809155_ctg370	3273816	3274364	+	EIDGLC_03378	19.6	8.9	PF04828.22|GFA	PFAM:PF04828.22
SRR35809155_ctg370	3300068	3300292	+	EIDGLC_03408	7.3	5.8	PF00137.26|ATP-synt_C	PFAM:PF00137.26
SRR35809155_ctg370	3309674	3310381	-	EIDGLC_03418	25.2	7.7		
SRR35809155_ctg370	3315275	3315673	-	EIDGLC_03424	14.2	10.5		
SRR35809155_ctg370	3341742	3341942	+	EIDGLC_03450	7.1	4.2		
SRR35809155_ctg370	3343095	3343370	-	EIDGLC_03453	9.5	9.3		
SRR35809155_ctg370	3345880	3346200	+	EIDGLC_03456	11.1	11.6		
SRR35809155_ctg370	3347747	3348196	+	EIDGLC_03459	16.5	5.0		
SRR35809155_ctg370	3359037	3359510	-	EIDGLC_03469	16.2	7.7		
SRR35809155_ctg370	3359594	3360046	-	EIDGLC_03470	15.4	4.3	PF16747.10|Adhesin_E	PFAM:PF16747.10
SRR35809155_ctg370	3376920	3377183	-	EIDGLC_03484	9.7	9.0		SO:0001217, UniRef:UniRef50_A0A0P0DEH9
SRR35809155_ctg370	3384214	3385299	-	EIDGLC_03492	37.0	5.0		
SRR35809155_ctg370	3390827	3391183	+	EIDGLC_03497	13.7	9.4		
SRR35809155_ctg370	3391244	3391519	-	EIDGLC_03498	10.0	11.7		
SRR35809155_ctg370	3391647	3392075	-	EIDGLC_03499	15.2	4.4		
SRR35809155_ctg370	3392165	3392572	-	EIDGLC_03500	13.9	4.1		
SRR35809155_ctg370	3395229	3395471	-	EIDGLC_03504	8.7	5.3	PF01381.28|HTH_3, PF13443.12|HTH_26	PFAM:PF01381.28, PFAM:PF13443.12
SRR35809155_ctg370	3411597	3411740	-	EIDGLC_03526	5.6	12.0		
SRR35809155_ctg370	3415633	3416316	-	EIDGLC_03531	23.5	4.3	PF13860.12|FlgD_ig, PF13861.12|FLgD_tudor	PFAM:PF13860.12, PFAM:PF13861.12
SRR35809155_ctg370	3416320	3417642	-	EIDGLC_03532	44.4	4.5	PF02120.21|Flg_hook	PFAM:PF02120.21
SRR35809155_ctg370	3430460	3430801	-	EIDGLC_03544	13.2	6.9	PF01541.30|GIY-YIG	PFAM:PF01541.30
SRR35809155_ctg370	3434561	3435070	+	EIDGLC_03548	18.6	4.3		SO:0001217, UniRef:UniRef50_A0A1I6TGZ8
SRR35809155_ctg370	3446519	3446839	+	EIDGLC_03557	11.7	5.8		
SRR35809155_ctg370	3447291	3447773	-	EIDGLC_03558	17.6	6.1		
SRR35809155_ctg370	3447955	3448227	+	EIDGLC_03559	9.8	6.1		
SRR35809155_ctg370	3448499	3450637	+	EIDGLC_03560	78.8	8.0	PF00239.26|Resolvase, PF07508.19|Recombinase, PF13408.12|Zn_ribbon_recom	PFAM:PF00239.26, PFAM:PF07508.19, PFAM:PF13408.12
SRR35809155_ctg370	3453757	3454275	+	EIDGLC_03563	19.1	5.5		SO:0001217, UniRef:UniRef50_A0A6G9WDY6
SRR35809155_ctg370	3455387	3455728	+	EIDGLC_03565	11.8	4.4		
SRR35809155_ctg370	3455873	3456106	-	EIDGLC_03566	8.3	5.1		
SRR35809155_ctg370	3456103	3456231	-	EIDGLC_03567	4.8	9.2		
SRR35809155_ctg370	3456270	3456533	+	EIDGLC_03568	8.7	5.5		
SRR35809155_ctg370	3456597	3456839	+	EIDGLC_03569	8.3	10.6		
SRR35809155_ctg370	3456836	3457021	+	EIDGLC_03570	6.3	9.2		
SRR35809155_ctg370	3457018	3457164	+	EIDGLC_03571	4.8	6.0		
SRR35809155_ctg370	3463537	3464025	-	EIDGLC_03576	17.7	6.3	PF13545.12|HTH_Crp_2	PFAM:PF13545.12
SRR35809155_ctg370	3464863	3465084	+	EIDGLC_03577	7.9	4.3		
SRR35809155_ctg370	3465333	3465527	+	EIDGLC_03578	7.2	4.7		
SRR35809155_ctg370	3465573	3465710	+	EIDGLC_03579	5.4	4.5		
SRR35809155_ctg370	3465914	3466189	+	EIDGLC_03580	10.0	4.6	PF21834.1|DUF6894	PFAM:PF21834.1
SRR35809155_ctg370	3466390	3467022	-	EIDGLC_03581	23.1	7.8	PF13545.12|HTH_Crp_2	PFAM:PF13545.12
SRR35809155_ctg370	3467227	3467349	-	EIDGLC_03582	4.5	4.5		
SRR35809155_ctg370	3467619	3467822	-	EIDGLC_03583	7.7	6.6		
SRR35809155_ctg370	3472905	3474101	+	EIDGLC_03586	45.9	5.1	PF22722.2|NA-iREase1	PFAM:PF22722.2
SRR35809155_ctg370	3474237	3475166	+	EIDGLC_03587	35.0	6.8		
SRR35809155_ctg370	3477606	3477953	-	EIDGLC_03589	13.8	6.5	PF20283.3|CTD7	PFAM:PF20283.3
SRR35809155_ctg370	3479382	3479537	-	EIDGLC_03591	5.1	4.1		
SRR35809155_ctg370	3479855	3481714	-	EIDGLC_03592	69.3	9.0		
SRR35809155_ctg370	3491377	3491652	+	EIDGLC_03602	9.8	9.0	PF03083.21|MtN3_slv, PF04193.19|PQ-loop	PFAM:PF03083.21, PFAM:PF04193.19
SRR35809155_ctg370	3491769	3492989	+	EIDGLC_03603	40.5	11.6		
SRR35809155_ctg370	3504965	3505195	-	EIDGLC_03615	7.2	4.1		
SRR35809155_ctg370	3505670	3517510	+	EIDGLC_03616	378.6	4.1	PF12951.13|PATR	PFAM:PF12951.13
SRR35809155_ctg370	3518528	3518647	-	EIDGLC_03618	4.3	6.0		
SRR35809155_ctg370	3527851	3528339	-	EIDGLC_03626	17.2	5.6		
SRR35809155_ctg370	3537816	3539252	-	EIDGLC_03634	51.8	5.2		
SRR35809155_ctg370	3539392	3539826	-	EIDGLC_03635	14.8	9.6		
