gene	start	stop	strand	contig	score	partial	mmseqs_phrog	mmseqs_alnScore	mmseqs_seqIdentity	mmseqs_eVal	pyhmmer_phrog	pyhmmer_bitscore	pyhmmer_evalue	custom_hmm_id	custom_hmm_bitscore	custom_hmm_evalue	phrog	Method	Region	color	annot	category	vfdb_hit	vfdb_alnScore	vfdb_seqIdentity	vfdb_eVal	vfdb_short_name	vfdb_description	vfdb_species	CARD_hit	CARD_alnScore	CARD_seqIdentity	CARD_eVal	CARD_species	ARO_Accession	CARD_short_name	Protein_Accession	DNA_Accession	AMR_Gene_Family	Drug_Class	Resistance_Mechanism	transl_table
SRR35809155_ctg370|provirus_105204_146413_CDS_0001	402	1	-	SRR35809155_ctg370|provirus_105204_146413	22.7	00	No_PHROG	No_PHROG	No_PHROG	No_PHROG	No_PHROGs_HMM	No_PHROGs_HMM	No_PHROGs_HMM	No_custom_HMM	No_custom_HMM	No_custom_HMM	No_PHROG	ab initio prediction:Pyrodigal-gv:0.3.2	CDS	None	hypothetical protein	unknown function	None	None	None	None	None	None	None	None	None	None	None	None	None	None	None	None	None	None	None	11
SRR35809155_ctg370|provirus_105204_146413_CDS_0002	1045	500	-	SRR35809155_ctg370|provirus_105204_146413	80.6	00	315	133.0	0.456	6.121e-38	No_PHROGs_HMM	No_PHROGs_HMM	No_PHROGs_HMM	No_custom_HMM	No_custom_HMM	No_custom_HMM	315	ab initio prediction:Pyrodigal-gv:0.3.2	CDS	#f35f49	endolysin	lysis	None	None	None	None	None	None	None	None	None	None	None	None	None	None	None	None	None	None	None	11
SRR35809155_ctg370|provirus_105204_146413_CDS_0003	1292	1074	-	SRR35809155_ctg370|provirus_105204_146413	23.2	00	No_PHROG	No_PHROG	No_PHROG	No_PHROG	No_PHROGs_HMM	No_PHROGs_HMM	No_PHROGs_HMM	No_custom_HMM	No_custom_HMM	No_custom_HMM	No_PHROG	ab initio prediction:Pyrodigal-gv:0.3.2	CDS	None	hypothetical protein	unknown function	None	None	None	None	None	None	None	None	None	None	None	None	None	None	None	None	None	None	None	11
SRR35809155_ctg370|provirus_105204_146413_CDS_0004	1561	1289	-	SRR35809155_ctg370|provirus_105204_146413	18.7	00	No_PHROG	No_PHROG	No_PHROG	No_PHROG	No_PHROGs_HMM	No_PHROGs_HMM	No_PHROGs_HMM	No_custom_HMM	No_custom_HMM	No_custom_HMM	No_PHROG	ab initio prediction:Pyrodigal-gv:0.3.2	CDS	None	hypothetical protein	unknown function	None	None	None	None	None	None	None	None	None	None	None	None	None	None	None	None	None	None	None	11
SRR35809155_ctg370|provirus_105204_146413_CDS_0005	1668	2732	+	SRR35809155_ctg370|provirus_105204_146413	132.3	00	No_PHROG	No_PHROG	No_PHROG	No_PHROG	No_PHROGs_HMM	No_PHROGs_HMM	No_PHROGs_HMM	No_custom_HMM	No_custom_HMM	No_custom_HMM	No_PHROG	ab initio prediction:Pyrodigal-gv:0.3.2	CDS	None	hypothetical protein	unknown function	None	None	None	None	None	None	None	None	None	None	None	None	None	None	None	None	None	None	None	11
SRR35809155_ctg370|provirus_105204_146413_CDS_0006	2944	2729	-	SRR35809155_ctg370|provirus_105204_146413	-0.8	00	No_PHROG	No_PHROG	No_PHROG	No_PHROG	No_PHROGs_HMM	No_PHROGs_HMM	No_PHROGs_HMM	No_custom_HMM	No_custom_HMM	No_custom_HMM	No_PHROG	ab initio prediction:Pyrodigal-gv:0.3.2	CDS	None	hypothetical protein	unknown function	None	None	None	None	None	None	None	None	None	None	None	None	None	None	None	None	None	None	None	11
SRR35809155_ctg370|provirus_105204_146413_CDS_0007	4896	2977	-	SRR35809155_ctg370|provirus_105204_146413	226.0	00	24210	64.0	0.474	2.605e-13	No_PHROGs_HMM	No_PHROGs_HMM	No_PHROGs_HMM	No_custom_HMM	No_custom_HMM	No_custom_HMM	24210	ab initio prediction:Pyrodigal-gv:0.3.2	CDS	#07e9a2	tail fiber protein	tail	None	None	None	None	None	None	None	None	None	None	None	None	None	None	None	None	None	None	None	11
SRR35809155_ctg370|provirus_105204_146413_CDS_0008	5279	4893	-	SRR35809155_ctg370|provirus_105204_146413	61.1	00	No_PHROG	No_PHROG	No_PHROG	No_PHROG	No_PHROGs_HMM	No_PHROGs_HMM	No_PHROGs_HMM	No_custom_HMM	No_custom_HMM	No_custom_HMM	No_PHROG	ab initio prediction:Pyrodigal-gv:0.3.2	CDS	None	hypothetical protein	unknown function	None	None	None	None	None	None	None	None	None	None	None	None	None	None	None	None	None	None	None	11
SRR35809155_ctg370|provirus_105204_146413_CDS_0009	5335	5502	+	SRR35809155_ctg370|provirus_105204_146413	5.5	00	No_PHROG	No_PHROG	No_PHROG	No_PHROG	No_PHROGs_HMM	No_PHROGs_HMM	No_PHROGs_HMM	No_custom_HMM	No_custom_HMM	No_custom_HMM	No_PHROG	ab initio prediction:Pyrodigal-gv:0.3.2	CDS	None	hypothetical protein	unknown function	None	None	None	None	None	None	None	None	None	None	None	None	None	None	None	None	None	None	None	11
SRR35809155_ctg370|provirus_105204_146413_CDS_0010	8190	5488	-	SRR35809155_ctg370|provirus_105204_146413	234.8	00	873	104.0	0.49	8.770999999999999e-29	No_PHROGs_HMM	No_PHROGs_HMM	No_PHROGs_HMM	No_custom_HMM	No_custom_HMM	No_custom_HMM	873	ab initio prediction:Pyrodigal-gv:0.3.2	CDS	#3e83f6	endolysin	head and packaging	None	None	None	None	None	None	None	None	None	None	None	None	None	None	None	None	None	None	None	11
SRR35809155_ctg370|provirus_105204_146413_CDS_0011	9386	8175	-	SRR35809155_ctg370|provirus_105204_146413	118.1	00	No_PHROG	No_PHROG	No_PHROG	No_PHROG	No_PHROGs_HMM	No_PHROGs_HMM	No_PHROGs_HMM	No_custom_HMM	No_custom_HMM	No_custom_HMM	No_PHROG	ab initio prediction:Pyrodigal-gv:0.3.2	CDS	None	hypothetical protein	unknown function	None	None	None	None	None	None	None	None	None	None	None	None	None	None	None	None	None	None	None	11
SRR35809155_ctg370|provirus_105204_146413_CDS_0012	9965	9390	-	SRR35809155_ctg370|provirus_105204_146413	90.9	00	No_PHROG	No_PHROG	No_PHROG	No_PHROG	No_PHROGs_HMM	No_PHROGs_HMM	No_PHROGs_HMM	No_custom_HMM	No_custom_HMM	No_custom_HMM	No_PHROG	ab initio prediction:Pyrodigal-gv:0.3.2	CDS	None	hypothetical protein	unknown function	None	None	None	None	None	None	None	None	None	None	None	None	None	None	None	None	None	None	None	11
SRR35809155_ctg370|provirus_105204_146413_CDS_0013	10270	9965	-	SRR35809155_ctg370|provirus_105204_146413	31.1	00	No_PHROG	No_PHROG	No_PHROG	No_PHROG	No_PHROGs_HMM	No_PHROGs_HMM	No_PHROGs_HMM	No_custom_HMM	No_custom_HMM	No_custom_HMM	No_PHROG	ab initio prediction:Pyrodigal-gv:0.3.2	CDS	None	hypothetical protein	unknown function	None	None	None	None	None	None	None	None	None	None	None	None	None	None	None	None	None	None	None	11
SRR35809155_ctg370|provirus_105204_146413_CDS_0014	10493	10287	-	SRR35809155_ctg370|provirus_105204_146413	4.8	00	No_PHROG	No_PHROG	No_PHROG	No_PHROG	No_PHROGs_HMM	No_PHROGs_HMM	No_PHROGs_HMM	No_custom_HMM	No_custom_HMM	No_custom_HMM	No_PHROG	ab initio prediction:Pyrodigal-gv:0.3.2	CDS	None	hypothetical protein	unknown function	None	None	None	None	None	None	None	None	None	None	None	None	None	None	None	None	None	None	None	11
SRR35809155_ctg370|provirus_105204_146413_CDS_0015	11953	10490	-	SRR35809155_ctg370|provirus_105204_146413	177.9	00	3287	79.0	0.216	2.182e-17	No_PHROGs_HMM	No_PHROGs_HMM	No_PHROGs_HMM	No_custom_HMM	No_custom_HMM	No_custom_HMM	3287	ab initio prediction:Pyrodigal-gv:0.3.2	CDS	#3e83f6	virion structural protein	head and packaging	None	None	None	None	None	None	None	None	None	None	None	None	None	None	None	None	None	None	None	11
SRR35809155_ctg370|provirus_105204_146413_CDS_0016	12579	11956	-	SRR35809155_ctg370|provirus_105204_146413	72.3	00	No_PHROG	No_PHROG	No_PHROG	No_PHROG	No_PHROGs_HMM	No_PHROGs_HMM	No_PHROGs_HMM	No_custom_HMM	No_custom_HMM	No_custom_HMM	No_PHROG	ab initio prediction:Pyrodigal-gv:0.3.2	CDS	None	hypothetical protein	unknown function	None	None	None	None	None	None	None	None	None	None	None	None	None	None	None	None	None	None	None	11
SRR35809155_ctg370|provirus_105204_146413_CDS_0017	13160	12576	-	SRR35809155_ctg370|provirus_105204_146413	88.8	00	2941	95.0	0.285	2.342e-24	No_PHROGs_HMM	No_PHROGs_HMM	No_PHROGs_HMM	No_custom_HMM	No_custom_HMM	No_custom_HMM	2941	ab initio prediction:Pyrodigal-gv:0.3.2	CDS	#3e83f6	virion structural protein	head and packaging	None	None	None	None	None	None	None	None	None	None	None	None	None	None	None	None	None	None	None	11
SRR35809155_ctg370|provirus_105204_146413_CDS_0018	13504	13157	-	SRR35809155_ctg370|provirus_105204_146413	39.4	00	3982	66.0	0.367	4.22e-16	No_PHROGs_HMM	No_PHROGs_HMM	No_PHROGs_HMM	No_custom_HMM	No_custom_HMM	No_custom_HMM	3982	ab initio prediction:Pyrodigal-gv:0.3.2	CDS	#c9c9c9	hypothetical protein	unknown function	None	None	None	None	None	None	None	None	None	None	None	None	None	None	None	None	None	None	None	11
SRR35809155_ctg370|provirus_105204_146413_CDS_0019	13743	13501	-	SRR35809155_ctg370|provirus_105204_146413	35.8	00	No_PHROG	No_PHROG	No_PHROG	No_PHROG	No_PHROGs_HMM	No_PHROGs_HMM	No_PHROGs_HMM	No_custom_HMM	No_custom_HMM	No_custom_HMM	No_PHROG	ab initio prediction:Pyrodigal-gv:0.3.2	CDS	None	hypothetical protein	unknown function	None	None	None	None	None	None	None	None	None	None	None	None	None	None	None	None	None	None	None	11
SRR35809155_ctg370|provirus_105204_146413_CDS_0020	14755	13805	-	SRR35809155_ctg370|provirus_105204_146413	169.8	00	1328	180.0	0.358	4.907e-52	No_PHROGs_HMM	No_PHROGs_HMM	No_PHROGs_HMM	No_custom_HMM	No_custom_HMM	No_custom_HMM	1328	ab initio prediction:Pyrodigal-gv:0.3.2	CDS	#3e83f6	major head protein	head and packaging	None	None	None	None	None	None	None	None	None	None	None	None	None	None	None	None	None	None	None	11
SRR35809155_ctg370|provirus_105204_146413_CDS_0021	15745	14762	-	SRR35809155_ctg370|provirus_105204_146413	110.9	00	No_PHROG	No_PHROG	No_PHROG	No_PHROG	No_PHROGs_HMM	No_PHROGs_HMM	No_PHROGs_HMM	No_custom_HMM	No_custom_HMM	No_custom_HMM	No_PHROG	ab initio prediction:Pyrodigal-gv:0.3.2	CDS	None	hypothetical protein	unknown function	None	None	None	None	None	None	None	None	None	None	None	None	None	None	None	None	None	None	None	11
SRR35809155_ctg370|provirus_105204_146413_CDS_0022	16044	15799	-	SRR35809155_ctg370|provirus_105204_146413	37.1	00	No_PHROG	No_PHROG	No_PHROG	No_PHROG	No_PHROGs_HMM	No_PHROGs_HMM	No_PHROGs_HMM	No_custom_HMM	No_custom_HMM	No_custom_HMM	No_PHROG	ab initio prediction:Pyrodigal-gv:0.3.2	CDS	None	hypothetical protein	unknown function	None	None	None	None	None	None	None	None	None	None	None	None	None	None	None	None	None	None	None	11
SRR35809155_ctg370|provirus_105204_146413_CDS_0023	18209	16041	-	SRR35809155_ctg370|provirus_105204_146413	396.8	00	1216	329.0	0.318	1.07e-97	No_PHROGs_HMM	No_PHROGs_HMM	No_PHROGs_HMM	No_custom_HMM	No_custom_HMM	No_custom_HMM	1216	ab initio prediction:Pyrodigal-gv:0.3.2	CDS	#3e83f6	portal protein	head and packaging	None	None	None	None	None	None	None	None	None	None	None	None	None	None	None	None	None	None	None	11
SRR35809155_ctg370|provirus_105204_146413_CDS_0024	18460	18209	-	SRR35809155_ctg370|provirus_105204_146413	40.4	00	No_PHROG	No_PHROG	No_PHROG	No_PHROG	No_PHROGs_HMM	No_PHROGs_HMM	No_PHROGs_HMM	No_custom_HMM	No_custom_HMM	No_custom_HMM	No_PHROG	ab initio prediction:Pyrodigal-gv:0.3.2	CDS	None	hypothetical protein	unknown function	None	None	None	None	None	None	None	None	None	None	None	None	None	None	None	None	None	None	None	11
SRR35809155_ctg370|provirus_105204_146413_CDS_0025	19737	18460	-	SRR35809155_ctg370|provirus_105204_146413	153.3	00	2	144.0	0.26	9.59e-39	No_PHROGs_HMM	No_PHROGs_HMM	No_PHROGs_HMM	No_custom_HMM	No_custom_HMM	No_custom_HMM	2	ab initio prediction:Pyrodigal-gv:0.3.2	CDS	#3e83f6	terminase large subunit	head and packaging	None	None	None	None	None	None	None	None	None	None	None	None	None	None	None	None	None	None	None	11
SRR35809155_ctg370|provirus_105204_146413_CDS_0026	20179	19709	-	SRR35809155_ctg370|provirus_105204_146413	29.1	00	1482	126.0	0.45	2.2830000000000001e-35	No_PHROGs_HMM	No_PHROGs_HMM	No_PHROGs_HMM	No_custom_HMM	No_custom_HMM	No_custom_HMM	1482	ab initio prediction:Pyrodigal-gv:0.3.2	CDS	#3e83f6	terminase small subunit	head and packaging	None	None	None	None	None	None	None	None	None	None	None	None	None	None	None	None	None	None	None	11
SRR35809155_ctg370|provirus_105204_146413_CDS_0027	20408	20244	-	SRR35809155_ctg370|provirus_105204_146413	3.6	00	No_PHROG	No_PHROG	No_PHROG	No_PHROG	No_PHROGs_HMM	No_PHROGs_HMM	No_PHROGs_HMM	No_custom_HMM	No_custom_HMM	No_custom_HMM	No_PHROG	ab initio prediction:Pyrodigal-gv:0.3.2	CDS	None	hypothetical protein	unknown function	None	None	None	None	None	None	None	None	None	None	None	None	None	None	None	None	None	None	None	11
SRR35809155_ctg370|provirus_105204_146413_CDS_0028	21325	20744	-	SRR35809155_ctg370|provirus_105204_146413	66.7	00	6386	57.0	0.248	1.052e-11	No_PHROGs_HMM	No_PHROGs_HMM	No_PHROGs_HMM	No_custom_HMM	No_custom_HMM	No_custom_HMM	6386	ab initio prediction:Pyrodigal-gv:0.3.2	CDS	#a861e3	transcription antiterminator	transcription regulation	None	None	None	None	None	None	None	None	None	None	None	None	None	None	None	None	None	None	None	11
SRR35809155_ctg370|provirus_105204_146413_CDS_0029	21531	21319	-	SRR35809155_ctg370|provirus_105204_146413	12.9	00	No_PHROG	No_PHROG	No_PHROG	No_PHROG	No_PHROGs_HMM	No_PHROGs_HMM	No_PHROGs_HMM	No_custom_HMM	No_custom_HMM	No_custom_HMM	No_PHROG	ab initio prediction:Pyrodigal-gv:0.3.2	CDS	None	hypothetical protein	unknown function	None	None	None	None	None	None	None	None	None	None	None	None	None	None	None	None	None	None	None	11
SRR35809155_ctg370|provirus_105204_146413_CDS_0030	21848	21570	-	SRR35809155_ctg370|provirus_105204_146413	7.6	00	No_PHROG	No_PHROG	No_PHROG	No_PHROG	No_PHROGs_HMM	No_PHROGs_HMM	No_PHROGs_HMM	No_custom_HMM	No_custom_HMM	No_custom_HMM	No_PHROG	ab initio prediction:Pyrodigal-gv:0.3.2	CDS	None	hypothetical protein	unknown function	None	None	None	None	None	None	None	None	None	None	None	None	None	None	None	None	None	None	None	11
SRR35809155_ctg370|provirus_105204_146413_CDS_0031	22552	21848	-	SRR35809155_ctg370|provirus_105204_146413	60.0	00	No_PHROG	No_PHROG	No_PHROG	No_PHROG	No_PHROGs_HMM	No_PHROGs_HMM	No_PHROGs_HMM	No_custom_HMM	No_custom_HMM	No_custom_HMM	No_PHROG	ab initio prediction:Pyrodigal-gv:0.3.2	CDS	None	hypothetical protein	unknown function	None	None	None	None	None	None	None	None	None	None	None	None	None	None	None	None	None	None	None	11
SRR35809155_ctg370|provirus_105204_146413_CDS_0032	23680	23090	-	SRR35809155_ctg370|provirus_105204_146413	62.1	00	No_PHROG	No_PHROG	No_PHROG	No_PHROG	No_PHROGs_HMM	No_PHROGs_HMM	No_PHROGs_HMM	No_custom_HMM	No_custom_HMM	No_custom_HMM	No_PHROG	ab initio prediction:Pyrodigal-gv:0.3.2	CDS	None	hypothetical protein	unknown function	None	None	None	None	None	None	None	None	None	None	None	None	None	None	None	None	None	None	None	11
SRR35809155_ctg370|provirus_105204_146413_CDS_0033	24048	23677	-	SRR35809155_ctg370|provirus_105204_146413	35.9	00	34	63.0	0.341	9.726e-15	No_PHROGs_HMM	No_PHROGs_HMM	No_PHROGs_HMM	No_custom_HMM	No_custom_HMM	No_custom_HMM	34	ab initio prediction:Pyrodigal-gv:0.3.2	CDS	#ffdf59	RusA-like Holliday junction resolvase	DNA, RNA and nucleotide metabolism	None	None	None	None	None	None	None	None	None	None	None	None	None	None	None	None	None	None	None	11
SRR35809155_ctg370|provirus_105204_146413_CDS_0034	24377	24045	-	SRR35809155_ctg370|provirus_105204_146413	15.0	00	No_PHROG	No_PHROG	No_PHROG	No_PHROG	No_PHROGs_HMM	No_PHROGs_HMM	No_PHROGs_HMM	No_custom_HMM	No_custom_HMM	No_custom_HMM	No_PHROG	ab initio prediction:Pyrodigal-gv:0.3.2	CDS	None	hypothetical protein	unknown function	None	None	None	None	None	None	None	None	None	None	None	None	None	None	None	None	None	None	None	11
SRR35809155_ctg370|provirus_105204_146413_CDS_0035	24604	24374	-	SRR35809155_ctg370|provirus_105204_146413	1.4	00	No_PHROG	No_PHROG	No_PHROG	No_PHROG	No_PHROGs_HMM	No_PHROGs_HMM	No_PHROGs_HMM	No_custom_HMM	No_custom_HMM	No_custom_HMM	No_PHROG	ab initio prediction:Pyrodigal-gv:0.3.2	CDS	None	hypothetical protein	unknown function	None	None	None	None	None	None	None	None	None	None	None	None	None	None	None	None	None	None	None	11
SRR35809155_ctg370|provirus_105204_146413_CDS_0036	24858	24601	-	SRR35809155_ctg370|provirus_105204_146413	4.4	00	No_PHROG	No_PHROG	No_PHROG	No_PHROG	No_PHROGs_HMM	No_PHROGs_HMM	No_PHROGs_HMM	No_custom_HMM	No_custom_HMM	No_custom_HMM	No_PHROG	ab initio prediction:Pyrodigal-gv:0.3.2	CDS	None	hypothetical protein	unknown function	None	None	None	None	None	None	None	None	None	None	None	None	None	None	None	None	None	None	None	11
SRR35809155_ctg370|provirus_105204_146413_CDS_0037	25400	25032	-	SRR35809155_ctg370|provirus_105204_146413	27.8	00	No_PHROG	No_PHROG	No_PHROG	No_PHROG	No_PHROGs_HMM	No_PHROGs_HMM	No_PHROGs_HMM	No_custom_HMM	No_custom_HMM	No_custom_HMM	No_PHROG	ab initio prediction:Pyrodigal-gv:0.3.2	CDS	None	hypothetical protein	unknown function	None	None	None	None	None	None	None	None	None	None	None	None	None	None	None	None	None	None	None	11
SRR35809155_ctg370|provirus_105204_146413_CDS_0038	26257	25421	-	SRR35809155_ctg370|provirus_105204_146413	11.8	00	No_PHROG	No_PHROG	No_PHROG	No_PHROG	No_PHROGs_HMM	No_PHROGs_HMM	No_PHROGs_HMM	No_custom_HMM	No_custom_HMM	No_custom_HMM	No_PHROG	ab initio prediction:Pyrodigal-gv:0.3.2	CDS	None	hypothetical protein	unknown function	None	None	None	None	None	None	None	None	None	None	None	None	None	None	None	None	None	None	None	11
SRR35809155_ctg370|provirus_105204_146413_CDS_0039	26436	26254	-	SRR35809155_ctg370|provirus_105204_146413	16.9	00	No_PHROG	No_PHROG	No_PHROG	No_PHROG	No_PHROGs_HMM	No_PHROGs_HMM	No_PHROGs_HMM	No_custom_HMM	No_custom_HMM	No_custom_HMM	No_PHROG	ab initio prediction:Pyrodigal-gv:0.3.2	CDS	None	hypothetical protein	unknown function	None	None	None	None	None	None	None	None	None	None	None	None	None	None	None	None	None	None	None	11
SRR35809155_ctg370|provirus_105204_146413_CDS_0040	26519	26902	+	SRR35809155_ctg370|provirus_105204_146413	44.2	00	No_PHROG	No_PHROG	No_PHROG	No_PHROG	No_PHROGs_HMM	No_PHROGs_HMM	No_PHROGs_HMM	No_custom_HMM	No_custom_HMM	No_custom_HMM	No_PHROG	ab initio prediction:Pyrodigal-gv:0.3.2	CDS	None	hypothetical protein	unknown function	None	None	None	None	None	None	None	None	None	None	None	None	None	None	None	None	None	None	None	11
SRR35809155_ctg370|provirus_105204_146413_CDS_0041	27495	28268	+	SRR35809155_ctg370|provirus_105204_146413	98.5	00	31265	113.0	0.457	8.123e-30	No_PHROGs_HMM	No_PHROGs_HMM	No_PHROGs_HMM	No_custom_HMM	No_custom_HMM	No_custom_HMM	31265	ab initio prediction:Pyrodigal-gv:0.3.2	CDS	#c9c9c9	hypothetical protein	unknown function	None	None	None	None	None	None	None	None	None	None	None	None	None	None	None	None	None	None	None	11
SRR35809155_ctg370|provirus_105204_146413_CDS_0042	28268	28507	+	SRR35809155_ctg370|provirus_105204_146413	22.2	00	No_PHROG	No_PHROG	No_PHROG	No_PHROG	No_PHROGs_HMM	No_PHROGs_HMM	No_PHROGs_HMM	No_custom_HMM	No_custom_HMM	No_custom_HMM	No_PHROG	ab initio prediction:Pyrodigal-gv:0.3.2	CDS	None	hypothetical protein	unknown function	None	None	None	None	None	None	None	None	None	None	None	None	None	None	None	None	None	None	None	11
SRR35809155_ctg370|provirus_105204_146413_CDS_0043	28547	28918	+	SRR35809155_ctg370|provirus_105204_146413	44.0	00	No_PHROG	No_PHROG	No_PHROG	No_PHROG	No_PHROGs_HMM	No_PHROGs_HMM	No_PHROGs_HMM	No_custom_HMM	No_custom_HMM	No_custom_HMM	No_PHROG	ab initio prediction:Pyrodigal-gv:0.3.2	CDS	None	hypothetical protein	unknown function	None	None	None	None	None	None	None	None	None	None	None	None	None	None	None	None	None	None	None	11
SRR35809155_ctg370|provirus_105204_146413_CDS_0044	28915	29280	+	SRR35809155_ctg370|provirus_105204_146413	23.8	00	No_PHROG	No_PHROG	No_PHROG	No_PHROG	No_PHROGs_HMM	No_PHROGs_HMM	No_PHROGs_HMM	No_custom_HMM	No_custom_HMM	No_custom_HMM	No_PHROG	ab initio prediction:Pyrodigal-gv:0.3.2	CDS	None	hypothetical protein	unknown function	None	None	None	None	None	None	None	None	None	None	None	None	None	None	None	None	None	None	None	11
SRR35809155_ctg370|provirus_105204_146413_CDS_0045	29277	29537	+	SRR35809155_ctg370|provirus_105204_146413	12.6	00	No_PHROG	No_PHROG	No_PHROG	No_PHROG	No_PHROGs_HMM	No_PHROGs_HMM	No_PHROGs_HMM	No_custom_HMM	No_custom_HMM	No_custom_HMM	No_PHROG	ab initio prediction:Pyrodigal-gv:0.3.2	CDS	None	hypothetical protein	unknown function	None	None	None	None	None	None	None	None	None	None	None	None	None	None	None	None	None	None	None	11
SRR35809155_ctg370|provirus_105204_146413_CDS_0046	29534	29743	+	SRR35809155_ctg370|provirus_105204_146413	18.8	00	1374	63.0	0.571	3.67e-16	No_PHROGs_HMM	No_PHROGs_HMM	No_PHROGs_HMM	No_custom_HMM	No_custom_HMM	No_custom_HMM	1374	ab initio prediction:Pyrodigal-gv:0.3.2	CDS	#c9c9c9	hypothetical protein	unknown function	None	None	None	None	None	None	None	None	None	None	None	None	None	None	None	None	None	None	None	11
SRR35809155_ctg370|provirus_105204_146413_CDS_0047	29740	29952	+	SRR35809155_ctg370|provirus_105204_146413	8.7	00	No_PHROG	No_PHROG	No_PHROG	No_PHROG	No_PHROGs_HMM	No_PHROGs_HMM	No_PHROGs_HMM	No_custom_HMM	No_custom_HMM	No_custom_HMM	No_PHROG	ab initio prediction:Pyrodigal-gv:0.3.2	CDS	None	hypothetical protein	unknown function	None	None	None	None	None	None	None	None	None	None	None	None	None	None	None	None	None	None	None	11
SRR35809155_ctg370|provirus_105204_146413_CDS_0048	30203	30961	+	SRR35809155_ctg370|provirus_105204_146413	117.5	00	155	70.0	0.322	5.957e-16	No_PHROGs_HMM	No_PHROGs_HMM	No_PHROGs_HMM	No_custom_HMM	No_custom_HMM	No_custom_HMM	155	ab initio prediction:Pyrodigal-gv:0.3.2	CDS	#ffdf59	Erf-like ssDNA annealing protein	DNA, RNA and nucleotide metabolism	None	None	None	None	None	None	None	None	None	None	None	None	None	None	None	None	None	None	None	11
SRR35809155_ctg370|provirus_105204_146413_CDS_0049	30958	31593	+	SRR35809155_ctg370|provirus_105204_146413	94.4	00	149	256.0	0.626	3.09e-80	No_PHROGs_HMM	No_PHROGs_HMM	No_PHROGs_HMM	No_custom_HMM	No_custom_HMM	No_custom_HMM	149	ab initio prediction:Pyrodigal-gv:0.3.2	CDS	#ffdf59	exonuclease	DNA, RNA and nucleotide metabolism	None	None	None	None	None	None	None	None	None	None	None	None	None	None	None	None	None	None	None	11
SRR35809155_ctg370|provirus_105204_146413_CDS_0050	31593	32114	+	SRR35809155_ctg370|provirus_105204_146413	92.4	00	44	94.0	0.413	1.866e-25	No_PHROGs_HMM	No_PHROGs_HMM	No_PHROGs_HMM	No_custom_HMM	No_custom_HMM	No_custom_HMM	44	ab initio prediction:Pyrodigal-gv:0.3.2	CDS	#ffdf59	single strand DNA binding protein	DNA, RNA and nucleotide metabolism	None	None	None	None	None	None	None	None	None	None	None	None	None	None	None	None	None	None	None	11
SRR35809155_ctg370|provirus_105204_146413_CDS_0051	32117	32623	+	SRR35809155_ctg370|provirus_105204_146413	55.1	00	15346	130.0	0.452	1.665e-37	No_PHROGs_HMM	No_PHROGs_HMM	No_PHROGs_HMM	No_custom_HMM	No_custom_HMM	No_custom_HMM	15346	ab initio prediction:Pyrodigal-gv:0.3.2	CDS	#c9c9c9	hypothetical protein	unknown function	None	None	None	None	None	None	None	None	None	None	None	None	None	None	None	None	None	None	None	11
SRR35809155_ctg370|provirus_105204_146413_CDS_0052	32620	33003	+	SRR35809155_ctg370|provirus_105204_146413	39.7	00	333	49.0	0.309	3.391e-10	No_PHROGs_HMM	No_PHROGs_HMM	No_PHROGs_HMM	No_custom_HMM	No_custom_HMM	No_custom_HMM	333	ab initio prediction:Pyrodigal-gv:0.3.2	CDS	#ffdf59	HNH endonuclease	DNA, RNA and nucleotide metabolism	None	None	None	None	None	None	None	None	None	None	None	None	None	None	None	None	None	None	None	11
SRR35809155_ctg370|provirus_105204_146413_CDS_0053	33000	33671	+	SRR35809155_ctg370|provirus_105204_146413	21.4	00	No_PHROG	No_PHROG	No_PHROG	No_PHROG	No_PHROGs_HMM	No_PHROGs_HMM	No_PHROGs_HMM	No_custom_HMM	No_custom_HMM	No_custom_HMM	No_PHROG	ab initio prediction:Pyrodigal-gv:0.3.2	CDS	None	hypothetical protein	unknown function	None	None	None	None	None	None	None	None	None	None	None	None	None	None	None	None	None	None	None	11
SRR35809155_ctg370|provirus_105204_146413_CDS_0054	33733	34485	+	SRR35809155_ctg370|provirus_105204_146413	113.4	00	9133	199.0	0.453	7.176999999999999e-60	No_PHROGs_HMM	No_PHROGs_HMM	No_PHROGs_HMM	No_custom_HMM	No_custom_HMM	No_custom_HMM	9133	ab initio prediction:Pyrodigal-gv:0.3.2	CDS	#c9c9c9	hypothetical protein	unknown function	None	None	None	None	None	None	None	None	None	None	None	None	None	None	None	None	None	None	None	11
SRR35809155_ctg370|provirus_105204_146413_CDS_0055	34651	35094	+	SRR35809155_ctg370|provirus_105204_146413	39.0	00	1273	48.0	0.278	1.458e-09	No_PHROGs_HMM	No_PHROGs_HMM	No_PHROGs_HMM	No_custom_HMM	No_custom_HMM	No_custom_HMM	1273	ab initio prediction:Pyrodigal-gv:0.3.2	CDS	#c9c9c9	hypothetical protein	unknown function	None	None	None	None	None	None	None	None	None	None	None	None	None	None	None	None	None	None	None	11
SRR35809155_ctg370|provirus_105204_146413_CDS_0056	35091	35420	+	SRR35809155_ctg370|provirus_105204_146413	14.6	00	No_PHROG	No_PHROG	No_PHROG	No_PHROG	No_PHROGs_HMM	No_PHROGs_HMM	No_PHROGs_HMM	No_custom_HMM	No_custom_HMM	No_custom_HMM	No_PHROG	ab initio prediction:Pyrodigal-gv:0.3.2	CDS	None	hypothetical protein	unknown function	None	None	None	None	None	None	None	None	None	None	None	None	None	None	None	None	None	None	None	11
SRR35809155_ctg370|provirus_105204_146413_CDS_0057	35422	35898	+	SRR35809155_ctg370|provirus_105204_146413	38.9	00	No_PHROG	No_PHROG	No_PHROG	No_PHROG	No_PHROGs_HMM	No_PHROGs_HMM	No_PHROGs_HMM	No_custom_HMM	No_custom_HMM	No_custom_HMM	No_PHROG	ab initio prediction:Pyrodigal-gv:0.3.2	CDS	None	hypothetical protein	unknown function	None	None	None	None	None	None	None	None	None	None	None	None	None	None	None	None	None	None	None	11
SRR35809155_ctg370|provirus_105204_146413_CDS_0058	35903	36148	+	SRR35809155_ctg370|provirus_105204_146413	8.4	00	No_PHROG	No_PHROG	No_PHROG	No_PHROG	No_PHROGs_HMM	No_PHROGs_HMM	No_PHROGs_HMM	No_custom_HMM	No_custom_HMM	No_custom_HMM	No_PHROG	ab initio prediction:Pyrodigal-gv:0.3.2	CDS	None	hypothetical protein	unknown function	None	None	None	None	None	None	None	None	None	None	None	None	None	None	None	None	None	None	None	11
SRR35809155_ctg370|provirus_105204_146413_CDS_0059	36145	37137	+	SRR35809155_ctg370|provirus_105204_146413	82.6	00	29865	43.0	0.356	2.214e-07	No_PHROGs_HMM	No_PHROGs_HMM	No_PHROGs_HMM	No_custom_HMM	No_custom_HMM	No_custom_HMM	29865	ab initio prediction:Pyrodigal-gv:0.3.2	CDS	#c9c9c9	hypothetical protein	unknown function	None	None	None	None	None	None	None	None	None	None	None	None	None	None	None	None	None	None	None	11
SRR35809155_ctg370|provirus_105204_146413_CDS_0060	37134	37361	+	SRR35809155_ctg370|provirus_105204_146413	1.1	00	No_PHROG	No_PHROG	No_PHROG	No_PHROG	No_PHROGs_HMM	No_PHROGs_HMM	No_PHROGs_HMM	No_custom_HMM	No_custom_HMM	No_custom_HMM	No_PHROG	ab initio prediction:Pyrodigal-gv:0.3.2	CDS	None	hypothetical protein	unknown function	None	None	None	None	None	None	None	None	None	None	None	None	None	None	None	None	None	None	None	11
SRR35809155_ctg370|provirus_105204_146413_CDS_0061	37361	38176	+	SRR35809155_ctg370|provirus_105204_146413	97.5	00	424	73.0	0.213	5.8e-16	No_PHROGs_HMM	No_PHROGs_HMM	No_PHROGs_HMM	No_custom_HMM	No_custom_HMM	No_custom_HMM	424	ab initio prediction:Pyrodigal-gv:0.3.2	CDS	#ff59f5	phosphoadenosine phosphosulfate reductase	moron, auxiliary metabolic gene and host takeover	None	None	None	None	None	None	None	None	None	None	None	None	None	None	None	None	None	None	None	11
SRR35809155_ctg370|provirus_105204_146413_CDS_0062	38173	38502	+	SRR35809155_ctg370|provirus_105204_146413	45.6	00	4848	100.0	0.508	7.973e-28	No_PHROGs_HMM	No_PHROGs_HMM	No_PHROGs_HMM	No_custom_HMM	No_custom_HMM	No_custom_HMM	4848	ab initio prediction:Pyrodigal-gv:0.3.2	CDS	#c9c9c9	hypothetical protein	unknown function	None	None	None	None	None	None	None	None	None	None	None	None	None	None	None	None	None	None	None	11
SRR35809155_ctg370|provirus_105204_146413_CDS_0063	38582	39175	+	SRR35809155_ctg370|provirus_105204_146413	65.3	00	5913	39.0	0.424	1.884e-07	No_PHROGs_HMM	No_PHROGs_HMM	No_PHROGs_HMM	No_custom_HMM	No_custom_HMM	No_custom_HMM	5913	ab initio prediction:Pyrodigal-gv:0.3.2	CDS	#c9c9c9	hypothetical protein	unknown function	None	None	None	None	None	None	None	None	None	None	None	None	None	None	None	None	None	None	None	11
SRR35809155_ctg370|provirus_105204_146413_CDS_0064	39249	39869	+	SRR35809155_ctg370|provirus_105204_146413	38.1	00	No_PHROG	No_PHROG	No_PHROG	No_PHROG	No_PHROGs_HMM	No_PHROGs_HMM	No_PHROGs_HMM	No_custom_HMM	No_custom_HMM	No_custom_HMM	No_PHROG	ab initio prediction:Pyrodigal-gv:0.3.2	CDS	None	hypothetical protein	unknown function	None	None	None	None	None	None	None	None	None	None	None	None	None	None	None	None	None	None	None	11
SRR35809155_ctg370|provirus_105204_146413_CDS_0065	39916	40158	+	SRR35809155_ctg370|provirus_105204_146413	20.3	00	25900	51.0	0.456	1.958e-11	No_PHROGs_HMM	No_PHROGs_HMM	No_PHROGs_HMM	No_custom_HMM	No_custom_HMM	No_custom_HMM	25900	ab initio prediction:Pyrodigal-gv:0.3.2	CDS	#a861e3	transcriptional regulator	transcription regulation	None	None	None	None	None	None	None	None	None	None	None	None	None	None	None	None	None	None	None	11
SRR35809155_ctg370|provirus_105204_146413_CDS_0066	40155	41210	+	SRR35809155_ctg370|provirus_105204_146413	101.4	00	1	87.0	0.219	1.622e-20	No_PHROGs_HMM	No_PHROGs_HMM	No_PHROGs_HMM	No_custom_HMM	No_custom_HMM	No_custom_HMM	1	ab initio prediction:Pyrodigal-gv:0.3.2	CDS	#fea328	integrase	integration and excision	None	None	None	None	None	None	None	None	None	None	None	None	None	None	None	None	None	None	None	11
SRR35809155_ctg370|provirus_1105152_1159557_CDS_0001	468	1	-	SRR35809155_ctg370|provirus_1105152_1159557	78.4	00	No_PHROG	No_PHROG	No_PHROG	No_PHROG	No_PHROGs_HMM	No_PHROGs_HMM	No_PHROGs_HMM	No_custom_HMM	No_custom_HMM	No_custom_HMM	No_PHROG	ab initio prediction:Pyrodigal-gv:0.3.2	CDS	None	hypothetical protein	unknown function	None	None	None	None	None	None	None	None	None	None	None	None	None	None	None	None	None	None	None	11
SRR35809155_ctg370|provirus_1105152_1159557_CDS_0002	1269	499	-	SRR35809155_ctg370|provirus_1105152_1159557	128.4	00	19169	111.0	0.28	5.099e-29	No_PHROGs_HMM	No_PHROGs_HMM	No_PHROGs_HMM	No_custom_HMM	No_custom_HMM	No_custom_HMM	19169	ab initio prediction:Pyrodigal-gv:0.3.2	CDS	#ffdf59	endonuclease	DNA, RNA and nucleotide metabolism	None	None	None	None	None	None	None	None	None	None	None	None	None	None	None	None	None	None	None	11
SRR35809155_ctg370|provirus_1105152_1159557_CDS_0003	1753	1448	-	SRR35809155_ctg370|provirus_1105152_1159557	54.7	00	No_PHROG	No_PHROG	No_PHROG	No_PHROG	No_PHROGs_HMM	No_PHROGs_HMM	No_PHROGs_HMM	No_custom_HMM	No_custom_HMM	No_custom_HMM	No_PHROG	ab initio prediction:Pyrodigal-gv:0.3.2	CDS	None	hypothetical protein	unknown function	None	None	None	None	None	None	None	None	None	None	None	None	None	None	None	None	None	None	None	11
SRR35809155_ctg370|provirus_1105152_1159557_CDS_0004	4007	1959	-	SRR35809155_ctg370|provirus_1105152_1159557	309.1	00	20787	48.0	0.537	1.666e-10	No_PHROGs_HMM	No_PHROGs_HMM	No_PHROGs_HMM	No_custom_HMM	No_custom_HMM	No_custom_HMM	20787	ab initio prediction:Pyrodigal-gv:0.3.2	CDS	#3e83f6	virion structural protein	head and packaging	None	None	None	None	None	None	None	None	None	None	None	None	None	None	None	None	None	None	None	11
SRR35809155_ctg370|provirus_1105152_1159557_CDS_0005	4258	4052	-	SRR35809155_ctg370|provirus_1105152_1159557	28.5	00	No_PHROG	No_PHROG	No_PHROG	No_PHROG	No_PHROGs_HMM	No_PHROGs_HMM	No_PHROGs_HMM	No_custom_HMM	No_custom_HMM	No_custom_HMM	No_PHROG	ab initio prediction:Pyrodigal-gv:0.3.2	CDS	None	hypothetical protein	unknown function	None	None	None	None	None	None	None	None	None	None	None	None	None	None	None	None	None	None	None	11
SRR35809155_ctg370|provirus_1105152_1159557_CDS_0006	8175	4255	-	SRR35809155_ctg370|provirus_1105152_1159557	580.1	00	6651	99.0	0.218	6.015e-23	No_PHROGs_HMM	No_PHROGs_HMM	No_PHROGs_HMM	No_custom_HMM	No_custom_HMM	No_custom_HMM	6651	ab initio prediction:Pyrodigal-gv:0.3.2	CDS	#3e83f6	internal virion protein	head and packaging	None	None	None	None	None	None	None	None	None	None	None	None	None	None	None	None	None	None	None	11
SRR35809155_ctg370|provirus_1105152_1159557_CDS_0007	9808	8165	-	SRR35809155_ctg370|provirus_1105152_1159557	238.3	00	No_PHROG	No_PHROG	No_PHROG	No_PHROG	No_PHROGs_HMM	No_PHROGs_HMM	No_PHROGs_HMM	No_custom_HMM	No_custom_HMM	No_custom_HMM	No_PHROG	ab initio prediction:Pyrodigal-gv:0.3.2	CDS	None	hypothetical protein	unknown function	None	None	None	None	None	None	None	None	None	None	None	None	None	None	None	None	None	None	None	11
SRR35809155_ctg370|provirus_1105152_1159557_CDS_0008	10296	9808	-	SRR35809155_ctg370|provirus_1105152_1159557	78.0	00	No_PHROG	No_PHROG	No_PHROG	No_PHROG	No_PHROGs_HMM	No_PHROGs_HMM	No_PHROGs_HMM	No_custom_HMM	No_custom_HMM	No_custom_HMM	No_PHROG	ab initio prediction:Pyrodigal-gv:0.3.2	CDS	None	hypothetical protein	unknown function	None	None	None	None	None	None	None	None	None	None	None	None	None	None	None	None	None	None	None	11
SRR35809155_ctg370|provirus_1105152_1159557_CDS_0009	12401	10296	-	SRR35809155_ctg370|provirus_1105152_1159557	322.2	00	376	111.0	0.217	2.2949999999999998e-27	No_PHROGs_HMM	No_PHROGs_HMM	No_PHROGs_HMM	No_custom_HMM	No_custom_HMM	No_custom_HMM	376	ab initio prediction:Pyrodigal-gv:0.3.2	CDS	#07e9a2	tail protein	tail	None	None	None	None	None	None	None	None	None	None	None	None	None	None	None	None	None	None	None	11
SRR35809155_ctg370|provirus_1105152_1159557_CDS_0010	13008	12394	-	SRR35809155_ctg370|provirus_1105152_1159557	72.0	00	394	68.0	0.27	6.083e-16	No_PHROGs_HMM	No_PHROGs_HMM	No_PHROGs_HMM	No_custom_HMM	No_custom_HMM	No_custom_HMM	394	ab initio prediction:Pyrodigal-gv:0.3.2	CDS	#07e9a2	tail protein	tail	None	None	None	None	None	None	None	None	None	None	None	None	None	None	None	None	None	None	None	11
SRR35809155_ctg370|provirus_1105152_1159557_CDS_0011	13410	13111	-	SRR35809155_ctg370|provirus_1105152_1159557	37.6	00	No_PHROG	No_PHROG	No_PHROG	No_PHROG	No_PHROGs_HMM	No_PHROGs_HMM	No_PHROGs_HMM	No_custom_HMM	No_custom_HMM	No_custom_HMM	No_PHROG	ab initio prediction:Pyrodigal-gv:0.3.2	CDS	None	hypothetical protein	unknown function	None	None	None	None	None	None	None	None	None	None	None	None	None	None	None	None	None	None	None	11
SRR35809155_ctg370|provirus_1105152_1159557_CDS_0012	13847	13410	-	SRR35809155_ctg370|provirus_1105152_1159557	73.9	00	427	69.0	0.306	1.542e-16	No_PHROGs_HMM	No_PHROGs_HMM	No_PHROGs_HMM	No_custom_HMM	No_custom_HMM	No_custom_HMM	427	ab initio prediction:Pyrodigal-gv:0.3.2	CDS	#c9c9c9	hypothetical protein	unknown function	None	None	None	None	None	None	None	None	None	None	None	None	None	None	None	None	None	None	None	11
SRR35809155_ctg370|provirus_1105152_1159557_CDS_0013	14875	13862	-	SRR35809155_ctg370|provirus_1105152_1159557	179.4	00	212	223.0	0.387	1.631e-66	No_PHROGs_HMM	No_PHROGs_HMM	No_PHROGs_HMM	No_custom_HMM	No_custom_HMM	No_custom_HMM	212	ab initio prediction:Pyrodigal-gv:0.3.2	CDS	#3e83f6	major head protein	head and packaging	None	None	None	None	None	None	None	None	None	None	None	None	None	None	None	None	None	None	None	11
SRR35809155_ctg370|provirus_1105152_1159557_CDS_0014	15671	14892	-	SRR35809155_ctg370|provirus_1105152_1159557	103.5	00	No_PHROG	No_PHROG	No_PHROG	No_PHROG	No_PHROGs_HMM	No_PHROGs_HMM	No_PHROGs_HMM	No_custom_HMM	No_custom_HMM	No_custom_HMM	No_PHROG	ab initio prediction:Pyrodigal-gv:0.3.2	CDS	None	hypothetical protein	unknown function	None	None	None	None	None	None	None	None	None	None	None	None	None	None	None	None	None	None	None	11
SRR35809155_ctg370|provirus_1105152_1159557_CDS_0015	15964	15704	-	SRR35809155_ctg370|provirus_1105152_1159557	14.0	00	No_PHROG	No_PHROG	No_PHROG	No_PHROG	No_PHROGs_HMM	No_PHROGs_HMM	No_PHROGs_HMM	No_custom_HMM	No_custom_HMM	No_custom_HMM	No_PHROG	ab initio prediction:Pyrodigal-gv:0.3.2	CDS	None	hypothetical protein	unknown function	None	None	None	None	None	None	None	None	None	None	None	None	None	None	None	None	None	None	None	11
SRR35809155_ctg370|provirus_1105152_1159557_CDS_0016	17505	15961	-	SRR35809155_ctg370|provirus_1105152_1159557	195.4	00	332	56.0	0.176	2.95e-10	No_PHROGs_HMM	No_PHROGs_HMM	No_PHROGs_HMM	No_custom_HMM	No_custom_HMM	No_custom_HMM	332	ab initio prediction:Pyrodigal-gv:0.3.2	CDS	#35d7ff	head-tail adaptor	connector	None	None	None	None	None	None	None	None	None	None	None	None	None	None	None	None	None	None	None	11
SRR35809155_ctg370|provirus_1105152_1159557_CDS_0017	17801	17505	-	SRR35809155_ctg370|provirus_1105152_1159557	9.8	00	No_PHROG	No_PHROG	No_PHROG	No_PHROG	No_PHROGs_HMM	No_PHROGs_HMM	No_PHROGs_HMM	No_custom_HMM	No_custom_HMM	No_custom_HMM	No_PHROG	ab initio prediction:Pyrodigal-gv:0.3.2	CDS	None	hypothetical protein	unknown function	None	None	None	None	None	None	None	None	None	None	None	None	None	None	None	None	None	None	None	11
SRR35809155_ctg370|provirus_1105152_1159557_CDS_0018	18217	17798	-	SRR35809155_ctg370|provirus_1105152_1159557	32.5	00	No_PHROG	No_PHROG	No_PHROG	No_PHROG	No_PHROGs_HMM	No_PHROGs_HMM	No_PHROGs_HMM	No_custom_HMM	No_custom_HMM	No_custom_HMM	No_PHROG	ab initio prediction:Pyrodigal-gv:0.3.2	CDS	None	hypothetical protein	unknown function	None	None	None	None	None	None	None	None	None	None	None	None	None	None	None	None	None	None	None	11
SRR35809155_ctg370|provirus_1105152_1159557_CDS_0019	19839	18214	-	SRR35809155_ctg370|provirus_1105152_1159557	276.6	00	979	48.0	0.216	3.62e-08	No_PHROGs_HMM	No_PHROGs_HMM	No_PHROGs_HMM	No_custom_HMM	No_custom_HMM	No_custom_HMM	979	ab initio prediction:Pyrodigal-gv:0.3.2	CDS	#3e83f6	terminase large subunit	head and packaging	None	None	None	None	None	None	None	None	None	None	None	None	None	None	None	None	None	None	None	11
SRR35809155_ctg370|provirus_1105152_1159557_CDS_0020	20550	19882	-	SRR35809155_ctg370|provirus_1105152_1159557	97.1	00	No_PHROG	No_PHROG	No_PHROG	No_PHROG	No_PHROGs_HMM	No_PHROGs_HMM	No_PHROGs_HMM	No_custom_HMM	No_custom_HMM	No_custom_HMM	No_PHROG	ab initio prediction:Pyrodigal-gv:0.3.2	CDS	None	hypothetical protein	unknown function	None	None	None	None	None	None	None	None	None	None	None	None	None	None	None	None	None	None	None	11
SRR35809155_ctg370|provirus_1105152_1159557_CDS_0021	20834	20550	-	SRR35809155_ctg370|provirus_1105152_1159557	18.9	00	12296	57.0	0.409	3.384e-13	No_PHROGs_HMM	No_PHROGs_HMM	No_PHROGs_HMM	No_custom_HMM	No_custom_HMM	No_custom_HMM	12296	ab initio prediction:Pyrodigal-gv:0.3.2	CDS	#07e9a2	tail fiber protein	tail	None	None	None	None	None	None	None	None	None	None	None	None	None	None	None	None	None	None	None	11
SRR35809155_ctg370|provirus_1105152_1159557_CDS_0022	21272	20895	-	SRR35809155_ctg370|provirus_1105152_1159557	34.8	00	No_PHROG	No_PHROG	No_PHROG	No_PHROG	No_PHROGs_HMM	No_PHROGs_HMM	No_PHROGs_HMM	No_custom_HMM	No_custom_HMM	No_custom_HMM	No_PHROG	ab initio prediction:Pyrodigal-gv:0.3.2	CDS	None	hypothetical protein	unknown function	None	None	None	None	None	None	None	None	None	None	None	None	None	None	None	None	None	None	None	11
SRR35809155_ctg370|provirus_1105152_1159557_CDS_0023	21758	21315	-	SRR35809155_ctg370|provirus_1105152_1159557	27.5	00	1040	76.0	0.315	6.581e-18	No_PHROGs_HMM	No_PHROGs_HMM	No_PHROGs_HMM	No_custom_HMM	No_custom_HMM	No_custom_HMM	1040	ab initio prediction:Pyrodigal-gv:0.3.2	CDS	#838383	peptidase HslV family	other	None	None	None	None	None	None	None	None	None	None	None	None	None	None	None	None	None	None	None	11
SRR35809155_ctg370|provirus_1105152_1159557_CDS_0024	23398	21755	-	SRR35809155_ctg370|provirus_1105152_1159557	213.9	00	1745	514.0	0.575	4.604e-163	No_PHROGs_HMM	No_PHROGs_HMM	No_PHROGs_HMM	No_custom_HMM	No_custom_HMM	No_custom_HMM	1745	ab initio prediction:Pyrodigal-gv:0.3.2	CDS	#838383	DNA transfer protein	other	None	None	None	None	None	None	None	None	None	None	None	None	None	None	None	None	None	None	None	11
SRR35809155_ctg370|provirus_1105152_1159557_CDS_0025	23851	23543	-	SRR35809155_ctg370|provirus_1105152_1159557	37.3	00	No_PHROG	No_PHROG	No_PHROG	No_PHROG	No_PHROGs_HMM	No_PHROGs_HMM	No_PHROGs_HMM	No_custom_HMM	No_custom_HMM	No_custom_HMM	No_PHROG	ab initio prediction:Pyrodigal-gv:0.3.2	CDS	None	hypothetical protein	unknown function	None	None	None	None	None	None	None	None	None	None	None	None	None	None	None	None	None	None	None	11
SRR35809155_ctg370|provirus_1105152_1159557_CDS_0026	24039	23848	-	SRR35809155_ctg370|provirus_1105152_1159557	21.3	00	No_PHROG	No_PHROG	No_PHROG	No_PHROG	No_PHROGs_HMM	No_PHROGs_HMM	No_PHROGs_HMM	No_custom_HMM	No_custom_HMM	No_custom_HMM	No_PHROG	ab initio prediction:Pyrodigal-gv:0.3.2	CDS	None	hypothetical protein	unknown function	None	None	None	None	None	None	None	None	None	None	None	None	None	None	None	None	None	None	None	11
SRR35809155_ctg370|provirus_1105152_1159557_CDS_0027	24887	24039	-	SRR35809155_ctg370|provirus_1105152_1159557	118.6	00	181	79.0	0.301	3.397e-19	No_PHROGs_HMM	No_PHROGs_HMM	No_PHROGs_HMM	No_custom_HMM	No_custom_HMM	No_custom_HMM	181	ab initio prediction:Pyrodigal-gv:0.3.2	CDS	#f35f49	endolysin	lysis	None	None	None	None	None	None	None	None	None	None	None	None	None	None	None	None	None	None	None	11
SRR35809155_ctg370|provirus_1105152_1159557_CDS_0028	25114	24884	-	SRR35809155_ctg370|provirus_1105152_1159557	14.7	00	No_PHROG	No_PHROG	No_PHROG	No_PHROG	No_PHROGs_HMM	No_PHROGs_HMM	No_PHROGs_HMM	No_custom_HMM	No_custom_HMM	No_custom_HMM	No_PHROG	ab initio prediction:Pyrodigal-gv:0.3.2	CDS	None	hypothetical protein	unknown function	None	None	None	None	None	None	None	None	None	None	None	None	None	None	None	None	None	None	None	11
SRR35809155_ctg370|provirus_1105152_1159557_CDS_0029	25994	25200	-	SRR35809155_ctg370|provirus_1105152_1159557	116.9	00	No_PHROG	No_PHROG	No_PHROG	No_PHROG	No_PHROGs_HMM	No_PHROGs_HMM	No_PHROGs_HMM	No_custom_HMM	No_custom_HMM	No_custom_HMM	No_PHROG	ab initio prediction:Pyrodigal-gv:0.3.2	CDS	None	hypothetical protein	unknown function	None	None	None	None	None	None	None	None	None	None	None	None	None	None	None	None	None	None	None	11
SRR35809155_ctg370|provirus_1105152_1159557_CDS_0030	26152	25991	-	SRR35809155_ctg370|provirus_1105152_1159557	6.3	00	No_PHROG	No_PHROG	No_PHROG	No_PHROG	No_PHROGs_HMM	No_PHROGs_HMM	No_PHROGs_HMM	No_custom_HMM	No_custom_HMM	No_custom_HMM	No_PHROG	ab initio prediction:Pyrodigal-gv:0.3.2	CDS	None	hypothetical protein	unknown function	None	None	None	None	None	None	None	None	None	None	None	None	None	None	None	None	None	None	None	11
SRR35809155_ctg370|provirus_1105152_1159557_CDS_0031	26955	26419	-	SRR35809155_ctg370|provirus_1105152_1159557	26.8	00	No_PHROG	No_PHROG	No_PHROG	No_PHROG	No_PHROGs_HMM	No_PHROGs_HMM	No_PHROGs_HMM	No_custom_HMM	No_custom_HMM	No_custom_HMM	No_PHROG	ab initio prediction:Pyrodigal-gv:0.3.2	CDS	None	hypothetical protein	unknown function	None	None	None	None	None	None	None	None	None	None	None	None	None	None	None	None	None	None	None	11
SRR35809155_ctg370|provirus_1105152_1159557_CDS_0032	27456	26956	-	SRR35809155_ctg370|provirus_1105152_1159557	57.1	00	No_PHROG	No_PHROG	No_PHROG	No_PHROG	No_PHROGs_HMM	No_PHROGs_HMM	No_PHROGs_HMM	No_custom_HMM	No_custom_HMM	No_custom_HMM	No_PHROG	ab initio prediction:Pyrodigal-gv:0.3.2	CDS	None	hypothetical protein	unknown function	None	None	None	None	None	None	None	None	None	None	None	None	None	None	None	None	None	None	None	11
SRR35809155_ctg370|provirus_1105152_1159557_CDS_0033	28051	27803	-	SRR35809155_ctg370|provirus_1105152_1159557	4.5	00	No_PHROG	No_PHROG	No_PHROG	No_PHROG	No_PHROGs_HMM	No_PHROGs_HMM	No_PHROGs_HMM	No_custom_HMM	No_custom_HMM	No_custom_HMM	No_PHROG	ab initio prediction:Pyrodigal-gv:0.3.2	CDS	None	hypothetical protein	unknown function	None	None	None	None	None	None	None	None	None	None	None	None	None	None	None	None	None	None	None	11
SRR35809155_ctg370|provirus_1105152_1159557_CDS_0034	28679	28092	-	SRR35809155_ctg370|provirus_1105152_1159557	9.2	00	374	51.0	0.426	5.253e-10	No_PHROGs_HMM	No_PHROGs_HMM	No_PHROGs_HMM	No_custom_HMM	No_custom_HMM	No_custom_HMM	374	ab initio prediction:Pyrodigal-gv:0.3.2	CDS	#ffdf59	HNH endonuclease	DNA, RNA and nucleotide metabolism	None	None	None	None	None	None	None	None	None	None	None	None	None	None	None	None	None	None	None	11
SRR35809155_ctg370|provirus_1105152_1159557_CDS_0035	31048	28679	-	SRR35809155_ctg370|provirus_1105152_1159557	297.5	00	3022	263.0	0.243	2.302e-74	No_PHROGs_HMM	No_PHROGs_HMM	No_PHROGs_HMM	No_custom_HMM	No_custom_HMM	No_custom_HMM	3022	ab initio prediction:Pyrodigal-gv:0.3.2	CDS	#ffdf59	DNA primase	DNA, RNA and nucleotide metabolism	None	None	None	None	None	None	None	None	None	None	None	None	None	None	None	None	None	None	None	11
SRR35809155_ctg370|provirus_1105152_1159557_CDS_0036	31418	31212	-	SRR35809155_ctg370|provirus_1105152_1159557	40.5	00	No_PHROG	No_PHROG	No_PHROG	No_PHROG	No_PHROGs_HMM	No_PHROGs_HMM	No_PHROGs_HMM	No_custom_HMM	No_custom_HMM	No_custom_HMM	No_PHROG	ab initio prediction:Pyrodigal-gv:0.3.2	CDS	None	hypothetical protein	unknown function	None	None	None	None	None	None	None	None	None	None	None	None	None	None	None	None	None	None	None	11
SRR35809155_ctg370|provirus_1105152_1159557_CDS_0037	31591	31418	-	SRR35809155_ctg370|provirus_1105152_1159557	29.9	00	No_PHROG	No_PHROG	No_PHROG	No_PHROG	No_PHROGs_HMM	No_PHROGs_HMM	No_PHROGs_HMM	No_custom_HMM	No_custom_HMM	No_custom_HMM	No_PHROG	ab initio prediction:Pyrodigal-gv:0.3.2	CDS	None	hypothetical protein	unknown function	None	None	None	None	None	None	None	None	None	None	None	None	None	None	None	None	None	None	None	11
SRR35809155_ctg370|provirus_1105152_1159557_CDS_0038	31845	31588	-	SRR35809155_ctg370|provirus_1105152_1159557	30.6	00	16311	40.0	0.392	5.517e-06	No_PHROGs_HMM	No_PHROGs_HMM	No_PHROGs_HMM	No_custom_HMM	No_custom_HMM	No_custom_HMM	16311	ab initio prediction:Pyrodigal-gv:0.3.2	CDS	#c9c9c9	hypothetical protein	unknown function	None	None	None	None	None	None	None	None	None	None	None	None	None	None	None	None	None	None	None	11
SRR35809155_ctg370|provirus_1105152_1159557_CDS_0039	32339	31842	-	SRR35809155_ctg370|provirus_1105152_1159557	21.2	00	34198	42.0	0.329	5.418e-07	No_PHROGs_HMM	No_PHROGs_HMM	No_PHROGs_HMM	No_custom_HMM	No_custom_HMM	No_custom_HMM	34198	ab initio prediction:Pyrodigal-gv:0.3.2	CDS	#c9c9c9	hypothetical protein	unknown function	None	None	None	None	None	None	None	None	None	None	None	None	None	None	None	None	None	None	None	11
SRR35809155_ctg370|provirus_1105152_1159557_CDS_0040	32689	32297	-	SRR35809155_ctg370|provirus_1105152_1159557	53.7	00	No_PHROG	No_PHROG	No_PHROG	No_PHROG	No_PHROGs_HMM	No_PHROGs_HMM	No_PHROGs_HMM	No_custom_HMM	No_custom_HMM	No_custom_HMM	No_PHROG	ab initio prediction:Pyrodigal-gv:0.3.2	CDS	None	hypothetical protein	unknown function	None	None	None	None	None	None	None	None	None	None	None	None	None	None	None	None	None	None	None	11
SRR35809155_ctg370|provirus_1105152_1159557_CDS_0041	34374	32686	-	SRR35809155_ctg370|provirus_1105152_1159557	171.2	00	16	100.0	0.218	5.365e-24	No_PHROGs_HMM	No_PHROGs_HMM	No_PHROGs_HMM	No_custom_HMM	No_custom_HMM	No_custom_HMM	16	ab initio prediction:Pyrodigal-gv:0.3.2	CDS	#ffdf59	DNA helicase	DNA, RNA and nucleotide metabolism	None	None	None	None	None	None	None	None	None	None	None	None	None	None	None	None	None	None	None	11
SRR35809155_ctg370|provirus_1105152_1159557_CDS_0042	34937	34371	-	SRR35809155_ctg370|provirus_1105152_1159557	19.3	00	1081	57.0	0.463	1.139e-13	No_PHROGs_HMM	No_PHROGs_HMM	No_PHROGs_HMM	No_custom_HMM	No_custom_HMM	No_custom_HMM	1081	ab initio prediction:Pyrodigal-gv:0.3.2	CDS	#c9c9c9	hypothetical protein	unknown function	None	None	None	None	None	None	None	None	None	None	None	None	None	None	None	None	None	None	None	11
SRR35809155_ctg370|provirus_1105152_1159557_CDS_0043	35866	34934	-	SRR35809155_ctg370|provirus_1105152_1159557	115.8	00	1990	207.0	0.489	2.736e-62	No_PHROGs_HMM	No_PHROGs_HMM	No_PHROGs_HMM	No_custom_HMM	No_custom_HMM	No_custom_HMM	1990	ab initio prediction:Pyrodigal-gv:0.3.2	CDS	#ffdf59	Cas4-domain exonuclease	DNA, RNA and nucleotide metabolism	None	None	None	None	None	None	None	None	None	None	None	None	None	None	None	None	None	None	None	11
SRR35809155_ctg370|provirus_1105152_1159557_CDS_0044	36023	35859	-	SRR35809155_ctg370|provirus_1105152_1159557	16.5	00	No_PHROG	No_PHROG	No_PHROG	No_PHROG	No_PHROGs_HMM	No_PHROGs_HMM	No_PHROGs_HMM	No_custom_HMM	No_custom_HMM	No_custom_HMM	No_PHROG	ab initio prediction:Pyrodigal-gv:0.3.2	CDS	None	hypothetical protein	unknown function	None	None	None	None	None	None	None	None	None	None	None	None	None	None	None	None	None	None	None	11
SRR35809155_ctg370|provirus_1105152_1159557_CDS_0045	36291	36025	-	SRR35809155_ctg370|provirus_1105152_1159557	43.8	00	No_PHROG	No_PHROG	No_PHROG	No_PHROG	No_PHROGs_HMM	No_PHROGs_HMM	No_PHROGs_HMM	No_custom_HMM	No_custom_HMM	No_custom_HMM	No_PHROG	ab initio prediction:Pyrodigal-gv:0.3.2	CDS	None	hypothetical protein	unknown function	None	None	None	None	None	None	None	None	None	None	None	None	None	None	None	None	None	None	None	11
SRR35809155_ctg370|provirus_1105152_1159557_CDS_0046	36896	36387	-	SRR35809155_ctg370|provirus_1105152_1159557	86.7	00	13350	74.0	0.34	1.177e-16	No_PHROGs_HMM	No_PHROGs_HMM	No_PHROGs_HMM	No_custom_HMM	No_custom_HMM	No_custom_HMM	13350	ab initio prediction:Pyrodigal-gv:0.3.2	CDS	#c9c9c9	hypothetical protein	unknown function	None	None	None	None	None	None	None	None	None	None	None	None	None	None	None	None	None	None	None	11
SRR35809155_ctg370|provirus_1105152_1159557_CDS_0047	37713	36919	-	SRR35809155_ctg370|provirus_1105152_1159557	162.1	00	124	106.0	0.292	7.332e-27	No_PHROGs_HMM	No_PHROGs_HMM	No_PHROGs_HMM	No_custom_HMM	No_custom_HMM	No_custom_HMM	124	ab initio prediction:Pyrodigal-gv:0.3.2	CDS	#ffdf59	Sak4-like ssDNA annealing protein	DNA, RNA and nucleotide metabolism	None	None	None	None	None	None	None	None	None	None	None	None	None	None	None	None	None	None	None	11
SRR35809155_ctg370|provirus_1105152_1159557_CDS_0048	37937	37716	-	SRR35809155_ctg370|provirus_1105152_1159557	14.7	00	66	44.0	0.379	5.442e-09	No_PHROGs_HMM	No_PHROGs_HMM	No_PHROGs_HMM	No_custom_HMM	No_custom_HMM	No_custom_HMM	66	ab initio prediction:Pyrodigal-gv:0.3.2	CDS	#fea328	excisionase and transcriptional regulator	integration and excision	None	None	None	None	None	None	None	None	None	None	None	None	None	None	None	None	None	None	None	11
SRR35809155_ctg370|provirus_1105152_1159557_CDS_0049	38503	37937	-	SRR35809155_ctg370|provirus_1105152_1159557	73.9	00	34	56.0	0.304	2.779e-12	No_PHROGs_HMM	No_PHROGs_HMM	No_PHROGs_HMM	No_custom_HMM	No_custom_HMM	No_custom_HMM	34	ab initio prediction:Pyrodigal-gv:0.3.2	CDS	#ffdf59	RusA-like Holliday junction resolvase	DNA, RNA and nucleotide metabolism	None	None	None	None	None	None	None	None	None	None	None	None	None	None	None	None	None	None	None	11
SRR35809155_ctg370|provirus_1105152_1159557_CDS_0050	39034	38609	-	SRR35809155_ctg370|provirus_1105152_1159557	25.4	00	No_PHROG	No_PHROG	No_PHROG	No_PHROG	No_PHROGs_HMM	No_PHROGs_HMM	No_PHROGs_HMM	No_custom_HMM	No_custom_HMM	No_custom_HMM	No_PHROG	ab initio prediction:Pyrodigal-gv:0.3.2	CDS	None	hypothetical protein	unknown function	None	None	None	None	None	None	None	None	None	None	None	None	None	None	None	None	None	None	None	11
SRR35809155_ctg370|provirus_1105152_1159557_CDS_0051	39347	39619	+	SRR35809155_ctg370|provirus_1105152_1159557	25.0	00	No_PHROG	No_PHROG	No_PHROG	No_PHROG	No_PHROGs_HMM	No_PHROGs_HMM	No_PHROGs_HMM	No_custom_HMM	No_custom_HMM	No_custom_HMM	No_PHROG	ab initio prediction:Pyrodigal-gv:0.3.2	CDS	None	hypothetical protein	unknown function	None	None	None	None	None	None	None	None	None	None	None	None	None	None	None	None	None	None	None	11
SRR35809155_ctg370|provirus_1105152_1159557_CDS_0052	39620	39865	+	SRR35809155_ctg370|provirus_1105152_1159557	8.6	00	No_PHROG	No_PHROG	No_PHROG	No_PHROG	No_PHROGs_HMM	No_PHROGs_HMM	No_PHROGs_HMM	No_custom_HMM	No_custom_HMM	No_custom_HMM	No_PHROG	ab initio prediction:Pyrodigal-gv:0.3.2	CDS	None	hypothetical protein	unknown function	None	None	None	None	None	None	None	None	None	None	None	None	None	None	None	None	None	None	None	11
SRR35809155_ctg370|provirus_1105152_1159557_CDS_0053	40072	40419	+	SRR35809155_ctg370|provirus_1105152_1159557	29.2	00	7241	40.0	0.31	8.418e-07	No_PHROGs_HMM	No_PHROGs_HMM	No_PHROGs_HMM	No_custom_HMM	No_custom_HMM	No_custom_HMM	7241	ab initio prediction:Pyrodigal-gv:0.3.2	CDS	#a861e3	transcriptional regulator	transcription regulation	None	None	None	None	None	None	None	None	None	None	None	None	None	None	None	None	None	None	None	11
SRR35809155_ctg370|provirus_1105152_1159557_CDS_0054	40506	40874	+	SRR35809155_ctg370|provirus_1105152_1159557	40.8	00	10794	48.0	0.338	5.819e-09	No_PHROGs_HMM	No_PHROGs_HMM	No_PHROGs_HMM	No_custom_HMM	No_custom_HMM	No_custom_HMM	10794	ab initio prediction:Pyrodigal-gv:0.3.2	CDS	#c9c9c9	hypothetical protein	unknown function	None	None	None	None	None	None	None	None	None	None	None	None	None	None	None	None	None	None	None	11
SRR35809155_ctg370|provirus_1105152_1159557_CDS_0055	40871	41146	+	SRR35809155_ctg370|provirus_1105152_1159557	46.0	00	No_PHROG	No_PHROG	No_PHROG	No_PHROG	No_PHROGs_HMM	No_PHROGs_HMM	No_PHROGs_HMM	No_custom_HMM	No_custom_HMM	No_custom_HMM	No_PHROG	ab initio prediction:Pyrodigal-gv:0.3.2	CDS	None	hypothetical protein	unknown function	None	None	None	None	None	None	None	None	None	None	None	None	None	None	None	None	None	None	None	11
SRR35809155_ctg370|provirus_1105152_1159557_CDS_0056	41143	41490	+	SRR35809155_ctg370|provirus_1105152_1159557	14.7	00	No_PHROG	No_PHROG	No_PHROG	No_PHROG	No_PHROGs_HMM	No_PHROGs_HMM	No_PHROGs_HMM	No_custom_HMM	No_custom_HMM	No_custom_HMM	No_PHROG	ab initio prediction:Pyrodigal-gv:0.3.2	CDS	None	hypothetical protein	unknown function	None	None	None	None	None	None	None	None	None	None	None	None	None	None	None	None	None	None	None	11
SRR35809155_ctg370|provirus_1105152_1159557_CDS_0057	41487	41690	+	SRR35809155_ctg370|provirus_1105152_1159557	14.4	00	No_PHROG	No_PHROG	No_PHROG	No_PHROG	No_PHROGs_HMM	No_PHROGs_HMM	No_PHROGs_HMM	No_custom_HMM	No_custom_HMM	No_custom_HMM	No_PHROG	ab initio prediction:Pyrodigal-gv:0.3.2	CDS	None	hypothetical protein	unknown function	None	None	None	None	None	None	None	None	None	None	None	None	None	None	None	None	None	None	None	11
SRR35809155_ctg370|provirus_1105152_1159557_CDS_0058	41687	42331	+	SRR35809155_ctg370|provirus_1105152_1159557	32.5	00	No_PHROG	No_PHROG	No_PHROG	No_PHROG	No_PHROGs_HMM	No_PHROGs_HMM	No_PHROGs_HMM	No_custom_HMM	No_custom_HMM	No_custom_HMM	No_PHROG	ab initio prediction:Pyrodigal-gv:0.3.2	CDS	None	hypothetical protein	unknown function	None	None	None	None	None	None	None	None	None	None	None	None	None	None	None	None	None	None	None	11
SRR35809155_ctg370|provirus_1105152_1159557_CDS_0059	42393	43145	+	SRR35809155_ctg370|provirus_1105152_1159557	108.8	00	9133	199.0	0.453	7.176999999999999e-60	No_PHROGs_HMM	No_PHROGs_HMM	No_PHROGs_HMM	No_custom_HMM	No_custom_HMM	No_custom_HMM	9133	ab initio prediction:Pyrodigal-gv:0.3.2	CDS	#c9c9c9	hypothetical protein	unknown function	None	None	None	None	None	None	None	None	None	None	None	None	None	None	None	None	None	None	None	11
SRR35809155_ctg370|provirus_1105152_1159557_CDS_0060	43142	43315	+	SRR35809155_ctg370|provirus_1105152_1159557	-6.5	00	No_PHROG	No_PHROG	No_PHROG	No_PHROG	No_PHROGs_HMM	No_PHROGs_HMM	No_PHROGs_HMM	No_custom_HMM	No_custom_HMM	No_custom_HMM	No_PHROG	ab initio prediction:Pyrodigal-gv:0.3.2	CDS	None	hypothetical protein	unknown function	None	None	None	None	None	None	None	None	None	None	None	None	None	None	None	None	None	None	None	11
SRR35809155_ctg370|provirus_1105152_1159557_CDS_0061	43316	43906	+	SRR35809155_ctg370|provirus_1105152_1159557	37.2	00	No_PHROG	No_PHROG	No_PHROG	No_PHROG	No_PHROGs_HMM	No_PHROGs_HMM	No_PHROGs_HMM	No_custom_HMM	No_custom_HMM	No_custom_HMM	No_PHROG	ab initio prediction:Pyrodigal-gv:0.3.2	CDS	None	hypothetical protein	unknown function	None	None	None	None	None	None	None	None	None	None	None	None	None	None	None	None	None	None	None	11
SRR35809155_ctg370|provirus_1105152_1159557_CDS_0062	43903	44358	+	SRR35809155_ctg370|provirus_1105152_1159557	30.7	00	No_PHROG	No_PHROG	No_PHROG	No_PHROG	No_PHROGs_HMM	No_PHROGs_HMM	No_PHROGs_HMM	No_custom_HMM	No_custom_HMM	No_custom_HMM	No_PHROG	ab initio prediction:Pyrodigal-gv:0.3.2	CDS	None	hypothetical protein	unknown function	None	None	None	None	None	None	None	None	None	None	None	None	None	None	None	None	None	None	None	11
SRR35809155_ctg370|provirus_1105152_1159557_CDS_0063	44360	44836	+	SRR35809155_ctg370|provirus_1105152_1159557	45.5	00	No_PHROG	No_PHROG	No_PHROG	No_PHROG	No_PHROGs_HMM	No_PHROGs_HMM	No_PHROGs_HMM	No_custom_HMM	No_custom_HMM	No_custom_HMM	No_PHROG	ab initio prediction:Pyrodigal-gv:0.3.2	CDS	None	hypothetical protein	unknown function	None	None	None	None	None	None	None	None	None	None	None	None	None	None	None	None	None	None	None	11
SRR35809155_ctg370|provirus_1105152_1159557_CDS_0064	44841	45086	+	SRR35809155_ctg370|provirus_1105152_1159557	15.1	00	No_PHROG	No_PHROG	No_PHROG	No_PHROG	No_PHROGs_HMM	No_PHROGs_HMM	No_PHROGs_HMM	No_custom_HMM	No_custom_HMM	No_custom_HMM	No_PHROG	ab initio prediction:Pyrodigal-gv:0.3.2	CDS	None	hypothetical protein	unknown function	None	None	None	None	None	None	None	None	None	None	None	None	None	None	None	None	None	None	None	11
SRR35809155_ctg370|provirus_1105152_1159557_CDS_0065	45083	46075	+	SRR35809155_ctg370|provirus_1105152_1159557	81.0	00	29865	43.0	0.356	2.214e-07	No_PHROGs_HMM	No_PHROGs_HMM	No_PHROGs_HMM	No_custom_HMM	No_custom_HMM	No_custom_HMM	29865	ab initio prediction:Pyrodigal-gv:0.3.2	CDS	#c9c9c9	hypothetical protein	unknown function	None	None	None	None	None	None	None	None	None	None	None	None	None	None	None	None	None	None	None	11
SRR35809155_ctg370|provirus_1105152_1159557_CDS_0066	46072	46299	+	SRR35809155_ctg370|provirus_1105152_1159557	9.2	00	No_PHROG	No_PHROG	No_PHROG	No_PHROG	No_PHROGs_HMM	No_PHROGs_HMM	No_PHROGs_HMM	No_custom_HMM	No_custom_HMM	No_custom_HMM	No_PHROG	ab initio prediction:Pyrodigal-gv:0.3.2	CDS	None	hypothetical protein	unknown function	None	None	None	None	None	None	None	None	None	None	None	None	None	None	None	None	None	None	None	11
SRR35809155_ctg370|provirus_1105152_1159557_CDS_0067	46299	47114	+	SRR35809155_ctg370|provirus_1105152_1159557	101.7	00	424	73.0	0.213	5.8e-16	No_PHROGs_HMM	No_PHROGs_HMM	No_PHROGs_HMM	No_custom_HMM	No_custom_HMM	No_custom_HMM	424	ab initio prediction:Pyrodigal-gv:0.3.2	CDS	#ff59f5	phosphoadenosine phosphosulfate reductase	moron, auxiliary metabolic gene and host takeover	None	None	None	None	None	None	None	None	None	None	None	None	None	None	None	None	None	None	None	11
SRR35809155_ctg370|provirus_1105152_1159557_CDS_0068	47111	47440	+	SRR35809155_ctg370|provirus_1105152_1159557	49.8	00	4848	100.0	0.508	7.973e-28	No_PHROGs_HMM	No_PHROGs_HMM	No_PHROGs_HMM	No_custom_HMM	No_custom_HMM	No_custom_HMM	4848	ab initio prediction:Pyrodigal-gv:0.3.2	CDS	#c9c9c9	hypothetical protein	unknown function	None	None	None	None	None	None	None	None	None	None	None	None	None	None	None	None	None	None	None	11
SRR35809155_ctg370|provirus_1105152_1159557_CDS_0069	47520	48113	+	SRR35809155_ctg370|provirus_1105152_1159557	71.5	00	5913	39.0	0.424	1.884e-07	No_PHROGs_HMM	No_PHROGs_HMM	No_PHROGs_HMM	No_custom_HMM	No_custom_HMM	No_custom_HMM	5913	ab initio prediction:Pyrodigal-gv:0.3.2	CDS	#c9c9c9	hypothetical protein	unknown function	None	None	None	None	None	None	None	None	None	None	None	None	None	None	None	None	None	None	None	11
SRR35809155_ctg370|provirus_1105152_1159557_CDS_0070	48187	48687	+	SRR35809155_ctg370|provirus_1105152_1159557	34.6	00	No_PHROG	No_PHROG	No_PHROG	No_PHROG	No_PHROGs_HMM	No_PHROGs_HMM	No_PHROGs_HMM	No_custom_HMM	No_custom_HMM	No_custom_HMM	No_PHROG	ab initio prediction:Pyrodigal-gv:0.3.2	CDS	None	hypothetical protein	unknown function	None	None	None	None	None	None	None	None	None	None	None	None	None	None	None	None	None	None	None	11
SRR35809155_ctg370|provirus_1105152_1159557_CDS_0071	48684	48980	+	SRR35809155_ctg370|provirus_1105152_1159557	32.3	00	No_PHROG	No_PHROG	No_PHROG	No_PHROG	No_PHROGs_HMM	No_PHROGs_HMM	No_PHROGs_HMM	No_custom_HMM	No_custom_HMM	No_custom_HMM	No_PHROG	ab initio prediction:Pyrodigal-gv:0.3.2	CDS	None	hypothetical protein	unknown function	None	None	None	None	None	None	None	None	None	None	None	None	None	None	None	None	None	None	None	11
SRR35809155_ctg370|provirus_1105152_1159557_CDS_0072	49188	50345	+	SRR35809155_ctg370|provirus_1105152_1159557	149.1	00	1	54.0	0.188	4.242e-10	No_PHROGs_HMM	No_PHROGs_HMM	No_PHROGs_HMM	No_custom_HMM	No_custom_HMM	No_custom_HMM	1	ab initio prediction:Pyrodigal-gv:0.3.2	CDS	#fea328	integrase	integration and excision	None	None	None	None	None	None	None	None	None	None	None	None	None	None	None	None	None	None	None	11
SRR35809155_ctg370|provirus_1105152_1159557_CDS_0073	51199	50729	-	SRR35809155_ctg370|provirus_1105152_1159557	75.8	00	727	44.0	0.334	1.26e-06	No_PHROGs_HMM	No_PHROGs_HMM	No_PHROGs_HMM	No_custom_HMM	No_custom_HMM	No_custom_HMM	727	ab initio prediction:Pyrodigal-gv:0.3.2	CDS	#c9c9c9	hypothetical protein	unknown function	None	None	None	None	None	None	None	None	None	None	None	None	None	None	None	None	None	None	None	11
SRR35809155_ctg370|provirus_1105152_1159557_CDS_0074	51798	51229	-	SRR35809155_ctg370|provirus_1105152_1159557	84.1	00	729	57.0	0.466	9.539e-14	No_PHROGs_HMM	No_PHROGs_HMM	No_PHROGs_HMM	No_custom_HMM	No_custom_HMM	No_custom_HMM	729	ab initio prediction:Pyrodigal-gv:0.3.2	CDS	#838383	cold shock protein	other	None	None	None	None	None	None	None	None	None	None	None	None	None	None	None	None	None	None	None	11
SRR35809155_ctg370|provirus_1105152_1159557_CDS_0075	52327	51920	-	SRR35809155_ctg370|provirus_1105152_1159557	60.4	00	5982	71.0	0.349	1.642e-17	No_PHROGs_HMM	No_PHROGs_HMM	No_PHROGs_HMM	No_custom_HMM	No_custom_HMM	No_custom_HMM	5982	ab initio prediction:Pyrodigal-gv:0.3.2	CDS	#c9c9c9	hypothetical protein	unknown function	None	None	None	None	None	None	None	None	None	None	None	None	None	None	None	None	None	None	None	11
SRR35809155_ctg370|provirus_1105152_1159557_CDS_0076	54406	52604	-	SRR35809155_ctg370|provirus_1105152_1159557	294.7	01	2484	212.0	0.271	1.125e-59	No_PHROGs_HMM	No_PHROGs_HMM	No_PHROGs_HMM	No_custom_HMM	No_custom_HMM	No_custom_HMM	2484	ab initio prediction:Pyrodigal-gv:0.3.2	CDS	#ffdf59	RecJ-like ssDNA exonuclease	DNA, RNA and nucleotide metabolism	None	None	None	None	None	None	None	None	None	None	None	None	None	None	None	None	None	None	None	11
SRR35809155_ctg370|provirus_1812884_1822384_CDS_0001	531	1	-	SRR35809155_ctg370|provirus_1812884_1822384	73.6	00	30701	59.0	0.254	1.824e-12	No_PHROGs_HMM	No_PHROGs_HMM	No_PHROGs_HMM	No_custom_HMM	No_custom_HMM	No_custom_HMM	30701	ab initio prediction:Pyrodigal-gv:0.3.2	CDS	#c9c9c9	hypothetical protein	unknown function	None	None	None	None	None	None	None	None	None	None	None	None	None	None	None	None	None	None	None	11
SRR35809155_ctg370|provirus_1812884_1822384_CDS_0002	679	524	-	SRR35809155_ctg370|provirus_1812884_1822384	2.0	00	No_PHROG	No_PHROG	No_PHROG	No_PHROG	No_PHROGs_HMM	No_PHROGs_HMM	No_PHROGs_HMM	No_custom_HMM	No_custom_HMM	No_custom_HMM	No_PHROG	ab initio prediction:Pyrodigal-gv:0.3.2	CDS	None	hypothetical protein	unknown function	None	None	None	None	None	None	None	None	None	None	None	None	None	None	None	None	None	None	None	11
SRR35809155_ctg370|provirus_1812884_1822384_CDS_0003	990	697	-	SRR35809155_ctg370|provirus_1812884_1822384	29.5	00	No_PHROG	No_PHROG	No_PHROG	No_PHROG	No_PHROGs_HMM	No_PHROGs_HMM	No_PHROGs_HMM	No_custom_HMM	No_custom_HMM	No_custom_HMM	No_PHROG	ab initio prediction:Pyrodigal-gv:0.3.2	CDS	None	hypothetical protein	unknown function	None	None	None	None	None	None	None	None	None	None	None	None	None	None	None	None	None	None	None	11
SRR35809155_ctg370|provirus_1812884_1822384_CDS_0004	1400	990	-	SRR35809155_ctg370|provirus_1812884_1822384	72.6	00	1407	72.0	0.327	1.34e-17	No_PHROGs_HMM	No_PHROGs_HMM	No_PHROGs_HMM	No_custom_HMM	No_custom_HMM	No_custom_HMM	1407	ab initio prediction:Pyrodigal-gv:0.3.2	CDS	#07e9a2	major tail protein	tail	None	None	None	None	None	None	None	None	None	None	None	None	None	None	None	None	None	None	None	11
SRR35809155_ctg370|provirus_1812884_1822384_CDS_0005	1810	1397	-	SRR35809155_ctg370|provirus_1812884_1822384	53.5	00	No_PHROG	No_PHROG	No_PHROG	No_PHROG	No_PHROGs_HMM	No_PHROGs_HMM	No_PHROGs_HMM	No_custom_HMM	No_custom_HMM	No_custom_HMM	No_PHROG	ab initio prediction:Pyrodigal-gv:0.3.2	CDS	None	hypothetical protein	unknown function	None	None	None	None	None	None	None	None	None	None	None	None	None	None	None	None	None	None	None	11
SRR35809155_ctg370|provirus_1812884_1822384_CDS_0006	2130	1807	-	SRR35809155_ctg370|provirus_1812884_1822384	25.8	00	No_PHROG	No_PHROG	No_PHROG	No_PHROG	No_PHROGs_HMM	No_PHROGs_HMM	No_PHROGs_HMM	No_custom_HMM	No_custom_HMM	No_custom_HMM	No_PHROG	ab initio prediction:Pyrodigal-gv:0.3.2	CDS	None	hypothetical protein	unknown function	None	None	None	None	None	None	None	None	None	None	None	None	None	None	None	None	None	None	None	11
SRR35809155_ctg370|provirus_1812884_1822384_CDS_0007	2363	2097	-	SRR35809155_ctg370|provirus_1812884_1822384	56.7	00	40	48.0	0.391	1.171e-09	No_PHROGs_HMM	No_PHROGs_HMM	No_PHROGs_HMM	No_custom_HMM	No_custom_HMM	No_custom_HMM	40	ab initio prediction:Pyrodigal-gv:0.3.2	CDS	#35d7ff	head-tail adaptor Ad1	connector	None	None	None	None	None	None	None	None	None	None	None	None	None	None	None	None	None	None	None	11
SRR35809155_ctg370|provirus_1812884_1822384_CDS_0008	3663	2434	-	SRR35809155_ctg370|provirus_1812884_1822384	255.2	00	10	153.0	0.29	1.3809999999999998e-41	No_PHROGs_HMM	No_PHROGs_HMM	No_PHROGs_HMM	No_custom_HMM	No_custom_HMM	No_custom_HMM	10	ab initio prediction:Pyrodigal-gv:0.3.2	CDS	#3e83f6	major head protein	head and packaging	None	None	None	None	None	None	None	None	None	None	None	None	None	None	None	None	None	None	None	11
SRR35809155_ctg370|provirus_1812884_1822384_CDS_0009	3747	4538	+	SRR35809155_ctg370|provirus_1812884_1822384	91.6	00	No_PHROG	No_PHROG	No_PHROG	No_PHROG	No_PHROGs_HMM	No_PHROGs_HMM	No_PHROGs_HMM	No_custom_HMM	No_custom_HMM	No_custom_HMM	No_PHROG	ab initio prediction:Pyrodigal-gv:0.3.2	CDS	None	hypothetical protein	unknown function	None	None	None	None	None	None	None	None	None	None	None	None	None	None	None	None	None	None	None	11
SRR35809155_ctg370|provirus_1812884_1822384_CDS_0010	4980	4519	-	SRR35809155_ctg370|provirus_1812884_1822384	66.7	00	80	79.0	0.331	3.009e-19	No_PHROGs_HMM	No_PHROGs_HMM	No_PHROGs_HMM	No_custom_HMM	No_custom_HMM	No_custom_HMM	80	ab initio prediction:Pyrodigal-gv:0.3.2	CDS	#3e83f6	head maturation protease	head and packaging	None	None	None	None	None	None	None	None	None	None	None	None	None	None	None	None	None	None	None	11
SRR35809155_ctg370|provirus_1812884_1822384_CDS_0011	5204	4977	-	SRR35809155_ctg370|provirus_1812884_1822384	43.5	00	No_PHROG	No_PHROG	No_PHROG	No_PHROG	No_PHROGs_HMM	No_PHROGs_HMM	No_PHROGs_HMM	No_custom_HMM	No_custom_HMM	No_custom_HMM	No_PHROG	ab initio prediction:Pyrodigal-gv:0.3.2	CDS	None	hypothetical protein	unknown function	None	None	None	None	None	None	None	None	None	None	None	None	None	None	None	None	None	None	None	11
SRR35809155_ctg370|provirus_1812884_1822384_CDS_0012	6364	5204	-	SRR35809155_ctg370|provirus_1812884_1822384	162.1	00	2662	201.0	0.362	2.8960000000000003e-55	No_PHROGs_HMM	No_PHROGs_HMM	No_PHROGs_HMM	No_custom_HMM	No_custom_HMM	No_custom_HMM	2662	ab initio prediction:Pyrodigal-gv:0.3.2	CDS	#3e83f6	portal protein	head and packaging	None	None	None	None	None	None	None	None	None	None	None	None	None	None	None	None	None	None	None	11
SRR35809155_ctg370|provirus_1812884_1822384_CDS_0013	8996	6570	-	SRR35809155_ctg370|provirus_1812884_1822384	391.9	00	20458	298.0	0.442	9.353e-89	No_PHROGs_HMM	No_PHROGs_HMM	No_PHROGs_HMM	No_custom_HMM	No_custom_HMM	No_custom_HMM	20458	ab initio prediction:Pyrodigal-gv:0.3.2	CDS	#c9c9c9	hypothetical protein	unknown function	None	None	None	None	None	None	None	None	None	None	None	None	None	None	None	None	None	None	None	11
SRR35809155_ctg370|provirus_1812884_1822384_CDS_0014	9501	9031	-	SRR35809155_ctg370|provirus_1812884_1822384	61.3	01	33999	149.0	0.533	2.563e-44	No_PHROGs_HMM	No_PHROGs_HMM	No_PHROGs_HMM	No_custom_HMM	No_custom_HMM	No_custom_HMM	33999	ab initio prediction:Pyrodigal-gv:0.3.2	CDS	#c9c9c9	hypothetical protein	unknown function	None	None	None	None	None	None	None	None	None	None	None	None	None	None	None	None	None	None	None	11
SRR35809155_ctg370|provirus_2896115_2935207_CDS_0001	339	1	-	SRR35809155_ctg370|provirus_2896115_2935207	17.2	00	No_PHROG	No_PHROG	No_PHROG	No_PHROG	No_PHROGs_HMM	No_PHROGs_HMM	No_PHROGs_HMM	No_custom_HMM	No_custom_HMM	No_custom_HMM	No_PHROG	ab initio prediction:Pyrodigal-gv:0.3.2	CDS	None	hypothetical protein	unknown function	None	None	None	None	None	None	None	None	None	None	None	None	None	None	None	None	None	None	None	11
SRR35809155_ctg370|provirus_2896115_2935207_CDS_0002	500	336	-	SRR35809155_ctg370|provirus_2896115_2935207	12.7	00	1287	43.0	0.649	7.453e-08	No_PHROGs_HMM	No_PHROGs_HMM	No_PHROGs_HMM	No_custom_HMM	No_custom_HMM	No_custom_HMM	1287	ab initio prediction:Pyrodigal-gv:0.3.2	CDS	#c9c9c9	hypothetical protein	unknown function	None	None	None	None	None	None	None	None	None	None	None	None	None	None	None	None	None	None	None	11
SRR35809155_ctg370|provirus_2896115_2935207_CDS_0003	536	898	+	SRR35809155_ctg370|provirus_2896115_2935207	42.3	00	795	54.0	0.5	1.914e-12	No_PHROGs_HMM	No_PHROGs_HMM	No_PHROGs_HMM	No_custom_HMM	No_custom_HMM	No_custom_HMM	795	ab initio prediction:Pyrodigal-gv:0.3.2	CDS	#838383	partition protein ATPase	other	None	None	None	None	None	None	None	None	None	None	None	None	None	None	None	None	None	None	None	11
SRR35809155_ctg370|provirus_2896115_2935207_CDS_0004	1708	905	-	SRR35809155_ctg370|provirus_2896115_2935207	121.6	00	56	154.0	0.34	1.525e-43	No_PHROGs_HMM	No_PHROGs_HMM	No_PHROGs_HMM	No_custom_HMM	No_custom_HMM	No_custom_HMM	56	ab initio prediction:Pyrodigal-gv:0.3.2	CDS	#838383	DNA methyltransferase	other	None	None	None	None	None	None	None	None	None	None	None	None	None	None	None	None	None	None	None	11
SRR35809155_ctg370|provirus_2896115_2935207_CDS_0005	1855	2406	+	SRR35809155_ctg370|provirus_2896115_2935207	51.9	00	No_PHROG	No_PHROG	No_PHROG	No_PHROG	No_PHROGs_HMM	No_PHROGs_HMM	No_PHROGs_HMM	No_custom_HMM	No_custom_HMM	No_custom_HMM	No_PHROG	ab initio prediction:Pyrodigal-gv:0.3.2	CDS	None	hypothetical protein	unknown function	None	None	None	None	None	None	None	None	None	None	None	None	None	None	None	None	None	None	None	11
SRR35809155_ctg370|provirus_2896115_2935207_CDS_0006	2851	2537	-	SRR35809155_ctg370|provirus_2896115_2935207	27.2	00	No_PHROG	No_PHROG	No_PHROG	No_PHROG	No_PHROGs_HMM	No_PHROGs_HMM	No_PHROGs_HMM	No_custom_HMM	No_custom_HMM	No_custom_HMM	No_PHROG	ab initio prediction:Pyrodigal-gv:0.3.2	CDS	None	hypothetical protein	unknown function	None	None	None	None	None	None	None	None	None	None	None	None	None	None	None	None	None	None	None	11
SRR35809155_ctg370|provirus_2896115_2935207_CDS_0007	3799	3092	-	SRR35809155_ctg370|provirus_2896115_2935207	125.8	00	7	51.0	0.244	8.817e-10	No_PHROGs_HMM	No_PHROGs_HMM	No_PHROGs_HMM	No_custom_HMM	No_custom_HMM	No_custom_HMM	7	ab initio prediction:Pyrodigal-gv:0.3.2	CDS	#f35f49	endolysin	lysis	None	None	None	None	None	None	None	None	None	None	None	None	None	None	None	None	None	None	None	11
SRR35809155_ctg370|provirus_2896115_2935207_CDS_0008	4247	3849	-	SRR35809155_ctg370|provirus_2896115_2935207	67.4	00	No_PHROG	No_PHROG	No_PHROG	No_PHROG	No_PHROGs_HMM	No_PHROGs_HMM	No_PHROGs_HMM	No_custom_HMM	No_custom_HMM	No_custom_HMM	No_PHROG	ab initio prediction:Pyrodigal-gv:0.3.2	CDS	None	hypothetical protein	unknown function	None	None	None	None	None	None	None	None	None	None	None	None	None	None	None	None	None	None	None	11
SRR35809155_ctg370|provirus_2896115_2935207_CDS_0009	4741	4244	-	SRR35809155_ctg370|provirus_2896115_2935207	59.1	00	No_PHROG	No_PHROG	No_PHROG	No_PHROG	No_PHROGs_HMM	No_PHROGs_HMM	No_PHROGs_HMM	No_custom_HMM	No_custom_HMM	No_custom_HMM	No_PHROG	ab initio prediction:Pyrodigal-gv:0.3.2	CDS	None	hypothetical protein	unknown function	None	None	None	None	None	None	None	None	None	None	None	None	None	None	None	None	None	None	None	11
SRR35809155_ctg370|provirus_2896115_2935207_CDS_0010	5081	4725	-	SRR35809155_ctg370|provirus_2896115_2935207	35.5	00	No_PHROG	No_PHROG	No_PHROG	No_PHROG	No_PHROGs_HMM	No_PHROGs_HMM	No_PHROGs_HMM	No_custom_HMM	No_custom_HMM	No_custom_HMM	No_PHROG	ab initio prediction:Pyrodigal-gv:0.3.2	CDS	None	hypothetical protein	unknown function	None	None	None	None	None	None	None	None	None	None	None	None	None	None	None	None	None	None	None	11
SRR35809155_ctg370|provirus_2896115_2935207_CDS_0011	5493	5134	-	SRR35809155_ctg370|provirus_2896115_2935207	50.5	00	No_PHROG	No_PHROG	No_PHROG	No_PHROG	No_PHROGs_HMM	No_PHROGs_HMM	No_PHROGs_HMM	No_custom_HMM	No_custom_HMM	No_custom_HMM	No_PHROG	ab initio prediction:Pyrodigal-gv:0.3.2	CDS	None	hypothetical protein	unknown function	None	None	None	None	None	None	None	None	None	None	None	None	None	None	None	None	None	None	None	11
SRR35809155_ctg370|provirus_2896115_2935207_CDS_0012	5999	5490	-	SRR35809155_ctg370|provirus_2896115_2935207	27.5	00	No_PHROG	No_PHROG	No_PHROG	No_PHROG	No_PHROGs_HMM	No_PHROGs_HMM	No_PHROGs_HMM	No_custom_HMM	No_custom_HMM	No_custom_HMM	No_PHROG	ab initio prediction:Pyrodigal-gv:0.3.2	CDS	None	hypothetical protein	unknown function	None	None	None	None	None	None	None	None	None	None	None	None	None	None	None	None	None	None	None	11
SRR35809155_ctg370|provirus_2896115_2935207_CDS_0013	12268	5996	-	SRR35809155_ctg370|provirus_2896115_2935207	810.8	00	31	218.0	0.208	5.0159999999999995e-59	No_PHROGs_HMM	No_PHROGs_HMM	No_PHROGs_HMM	No_custom_HMM	No_custom_HMM	No_custom_HMM	31	ab initio prediction:Pyrodigal-gv:0.3.2	CDS	#07e9a2	central tail fiber J	tail	None	None	None	None	None	None	None	None	None	None	None	None	None	None	None	None	None	None	None	11
SRR35809155_ctg370|provirus_2896115_2935207_CDS_0014	12747	12295	-	SRR35809155_ctg370|provirus_2896115_2935207	37.7	00	329	46.0	0.249	1.413e-08	No_PHROGs_HMM	No_PHROGs_HMM	No_PHROGs_HMM	No_custom_HMM	No_custom_HMM	No_custom_HMM	329	ab initio prediction:Pyrodigal-gv:0.3.2	CDS	#07e9a2	minor tail protein	tail	None	None	None	None	None	None	None	None	None	None	None	None	None	None	None	None	None	None	None	11
SRR35809155_ctg370|provirus_2896115_2935207_CDS_0015	13217	12747	-	SRR35809155_ctg370|provirus_2896115_2935207	73.2	00	396	58.0	0.282	1.103e-12	No_PHROGs_HMM	No_PHROGs_HMM	No_PHROGs_HMM	No_custom_HMM	No_custom_HMM	No_custom_HMM	396	ab initio prediction:Pyrodigal-gv:0.3.2	CDS	#07e9a2	minor tail protein	tail	None	None	None	None	None	None	None	None	None	None	None	None	None	None	None	None	None	None	None	11
SRR35809155_ctg370|provirus_2896115_2935207_CDS_0016	14127	13219	-	SRR35809155_ctg370|provirus_2896115_2935207	81.6	00	No_PHROG	No_PHROG	No_PHROG	No_PHROG	No_PHROGs_HMM	No_PHROGs_HMM	No_PHROGs_HMM	No_custom_HMM	No_custom_HMM	No_custom_HMM	No_PHROG	ab initio prediction:Pyrodigal-gv:0.3.2	CDS	None	hypothetical protein	unknown function	None	None	None	None	None	None	None	None	None	None	None	None	None	None	None	None	None	None	None	11
SRR35809155_ctg370|provirus_2896115_2935207_CDS_0017	16706	14130	-	SRR35809155_ctg370|provirus_2896115_2935207	300.4	00	9483	74.0	0.258	1.313e-15	No_PHROGs_HMM	No_PHROGs_HMM	No_PHROGs_HMM	No_custom_HMM	No_custom_HMM	No_custom_HMM	9483	ab initio prediction:Pyrodigal-gv:0.3.2	CDS	#07e9a2	tail length tape measure protein	tail	None	None	None	None	None	None	None	None	None	None	None	None	None	None	None	None	None	None	None	11
SRR35809155_ctg370|provirus_2896115_2935207_CDS_0018	17562	16711	-	SRR35809155_ctg370|provirus_2896115_2935207	83.0	00	No_PHROG	No_PHROG	No_PHROG	No_PHROG	No_PHROGs_HMM	No_PHROGs_HMM	No_PHROGs_HMM	No_custom_HMM	No_custom_HMM	No_custom_HMM	No_PHROG	ab initio prediction:Pyrodigal-gv:0.3.2	CDS	None	hypothetical protein	unknown function	None	None	None	None	None	None	None	None	None	None	None	None	None	None	None	None	None	None	None	11
SRR35809155_ctg370|provirus_2896115_2935207_CDS_0019	18548	17559	-	SRR35809155_ctg370|provirus_2896115_2935207	182.8	00	No_PHROG	No_PHROG	No_PHROG	No_PHROG	No_PHROGs_HMM	No_PHROGs_HMM	No_PHROGs_HMM	No_custom_HMM	No_custom_HMM	No_custom_HMM	No_PHROG	ab initio prediction:Pyrodigal-gv:0.3.2	CDS	None	hypothetical protein	unknown function	None	None	None	None	None	None	None	None	None	None	None	None	None	None	None	None	None	None	None	11
SRR35809155_ctg370|provirus_2896115_2935207_CDS_0020	18883	18575	-	SRR35809155_ctg370|provirus_2896115_2935207	55.6	00	No_PHROG	No_PHROG	No_PHROG	No_PHROG	No_PHROGs_HMM	No_PHROGs_HMM	No_PHROGs_HMM	No_custom_HMM	No_custom_HMM	No_custom_HMM	No_PHROG	ab initio prediction:Pyrodigal-gv:0.3.2	CDS	None	hypothetical protein	unknown function	None	None	None	None	None	None	None	None	None	None	None	None	None	None	None	None	None	None	None	11
SRR35809155_ctg370|provirus_2896115_2935207_CDS_0021	19399	18899	-	SRR35809155_ctg370|provirus_2896115_2935207	75.5	00	No_PHROG	No_PHROG	No_PHROG	No_PHROG	No_PHROGs_HMM	No_PHROGs_HMM	No_PHROGs_HMM	No_custom_HMM	No_custom_HMM	No_custom_HMM	No_PHROG	ab initio prediction:Pyrodigal-gv:0.3.2	CDS	None	hypothetical protein	unknown function	None	None	None	None	None	None	None	None	None	None	None	None	None	None	None	None	None	None	None	11
SRR35809155_ctg370|provirus_2896115_2935207_CDS_0022	20253	19396	-	SRR35809155_ctg370|provirus_2896115_2935207	133.2	00	6367	55.0	0.221	4.641e-11	No_PHROGs_HMM	No_PHROGs_HMM	No_PHROGs_HMM	No_custom_HMM	No_custom_HMM	No_custom_HMM	6367	ab initio prediction:Pyrodigal-gv:0.3.2	CDS	#c9c9c9	hypothetical protein	unknown function	None	None	None	None	None	None	None	None	None	None	None	None	None	None	None	None	None	None	None	11
SRR35809155_ctg370|provirus_2896115_2935207_CDS_0023	20594	20253	-	SRR35809155_ctg370|provirus_2896115_2935207	59.9	00	No_PHROG	No_PHROG	No_PHROG	No_PHROG	No_PHROGs_HMM	No_PHROGs_HMM	No_PHROGs_HMM	No_custom_HMM	No_custom_HMM	No_custom_HMM	No_PHROG	ab initio prediction:Pyrodigal-gv:0.3.2	CDS	None	hypothetical protein	unknown function	None	None	None	None	None	None	None	None	None	None	None	None	None	None	None	None	None	None	None	11
SRR35809155_ctg370|provirus_2896115_2935207_CDS_0024	20957	20628	-	SRR35809155_ctg370|provirus_2896115_2935207	70.2	00	122	77.0	0.421	5.535000000000001e-20	No_PHROGs_HMM	No_PHROGs_HMM	No_PHROGs_HMM	No_custom_HMM	No_custom_HMM	No_custom_HMM	122	ab initio prediction:Pyrodigal-gv:0.3.2	CDS	#3e83f6	head decoration	head and packaging	None	None	None	None	None	None	None	None	None	None	None	None	None	None	None	None	None	None	None	11
SRR35809155_ctg370|provirus_2896115_2935207_CDS_0025	23074	21029	-	SRR35809155_ctg370|provirus_2896115_2935207	341.3	00	4523	419.0	0.38	1.766e-128	No_PHROGs_HMM	No_PHROGs_HMM	No_PHROGs_HMM	No_custom_HMM	No_custom_HMM	No_custom_HMM	4523	ab initio prediction:Pyrodigal-gv:0.3.2	CDS	#3e83f6	major head and protease protein	head and packaging	None	None	None	None	None	None	None	None	None	None	None	None	None	None	None	None	None	None	None	11
SRR35809155_ctg370|provirus_2896115_2935207_CDS_0026	24827	23079	-	SRR35809155_ctg370|provirus_2896115_2935207	267.5	00	21	266.0	0.34	2.452e-78	No_PHROGs_HMM	No_PHROGs_HMM	No_PHROGs_HMM	No_custom_HMM	No_custom_HMM	No_custom_HMM	21	ab initio prediction:Pyrodigal-gv:0.3.2	CDS	#3e83f6	portal protein	head and packaging	None	None	None	None	None	None	None	None	None	None	None	None	None	None	None	None	None	None	None	11
SRR35809155_ctg370|provirus_2896115_2935207_CDS_0027	25036	24824	-	SRR35809155_ctg370|provirus_2896115_2935207	28.1	00	2545	49.0	0.457	5.34e-11	No_PHROGs_HMM	No_PHROGs_HMM	No_PHROGs_HMM	No_custom_HMM	No_custom_HMM	No_custom_HMM	2545	ab initio prediction:Pyrodigal-gv:0.3.2	CDS	#35d7ff	head-tail adaptor Ad1	connector	None	None	None	None	None	None	None	None	None	None	None	None	None	None	None	None	None	None	None	11
SRR35809155_ctg370|provirus_2896115_2935207_CDS_0028	26984	25047	-	SRR35809155_ctg370|provirus_2896115_2935207	244.7	00	15	436.0	0.428	6.175e-135	No_PHROGs_HMM	No_PHROGs_HMM	No_PHROGs_HMM	No_custom_HMM	No_custom_HMM	No_custom_HMM	15	ab initio prediction:Pyrodigal-gv:0.3.2	CDS	#3e83f6	terminase large subunit	head and packaging	None	None	None	None	None	None	None	None	None	None	None	None	None	None	None	None	None	None	None	11
SRR35809155_ctg370|provirus_2896115_2935207_CDS_0029	27765	27085	-	SRR35809155_ctg370|provirus_2896115_2935207	103.4	00	No_PHROG	No_PHROG	No_PHROG	No_PHROG	No_PHROGs_HMM	No_PHROGs_HMM	No_PHROGs_HMM	No_custom_HMM	No_custom_HMM	No_custom_HMM	No_PHROG	ab initio prediction:Pyrodigal-gv:0.3.2	CDS	None	hypothetical protein	unknown function	None	None	None	None	None	None	None	None	None	None	None	None	None	None	None	None	None	None	None	11
SRR35809155_ctg370|provirus_2896115_2935207_CDS_0030	28481	28221	-	SRR35809155_ctg370|provirus_2896115_2935207	21.1	00	No_PHROG	No_PHROG	No_PHROG	No_PHROG	No_PHROGs_HMM	No_PHROGs_HMM	No_PHROGs_HMM	No_custom_HMM	No_custom_HMM	No_custom_HMM	No_PHROG	ab initio prediction:Pyrodigal-gv:0.3.2	CDS	None	hypothetical protein	unknown function	None	None	None	None	None	None	None	None	None	None	None	None	None	None	None	None	None	None	None	11
SRR35809155_ctg370|provirus_2896115_2935207_CDS_0031	29354	28812	-	SRR35809155_ctg370|provirus_2896115_2935207	79.0	00	No_PHROG	No_PHROG	No_PHROG	No_PHROG	No_PHROGs_HMM	No_PHROGs_HMM	No_PHROGs_HMM	No_custom_HMM	No_custom_HMM	No_custom_HMM	No_PHROG	ab initio prediction:Pyrodigal-gv:0.3.2	CDS	None	hypothetical protein	unknown function	None	None	None	None	None	None	None	None	None	None	None	None	None	None	None	None	None	None	None	11
SRR35809155_ctg370|provirus_2896115_2935207_CDS_0032	30255	29530	-	SRR35809155_ctg370|provirus_2896115_2935207	101.2	00	6386	45.0	0.232	9.712e-08	No_PHROGs_HMM	No_PHROGs_HMM	No_PHROGs_HMM	No_custom_HMM	No_custom_HMM	No_custom_HMM	6386	ab initio prediction:Pyrodigal-gv:0.3.2	CDS	#a861e3	transcription antiterminator	transcription regulation	None	None	None	None	None	None	None	None	None	None	None	None	None	None	None	None	None	None	None	11
SRR35809155_ctg370|provirus_2896115_2935207_CDS_0033	30587	30255	-	SRR35809155_ctg370|provirus_2896115_2935207	0.9	00	No_PHROG	No_PHROG	No_PHROG	No_PHROG	No_PHROGs_HMM	No_PHROGs_HMM	No_PHROGs_HMM	No_custom_HMM	No_custom_HMM	No_custom_HMM	No_PHROG	ab initio prediction:Pyrodigal-gv:0.3.2	CDS	None	hypothetical protein	unknown function	None	None	None	None	None	None	None	None	None	None	None	None	None	None	None	None	None	None	None	11
SRR35809155_ctg370|provirus_2896115_2935207_CDS_0034	31696	30575	-	SRR35809155_ctg370|provirus_2896115_2935207	158.9	00	2850	107.0	0.295	2.7640000000000003e-26	No_PHROGs_HMM	No_PHROGs_HMM	No_PHROGs_HMM	No_custom_HMM	No_custom_HMM	No_custom_HMM	2850	ab initio prediction:Pyrodigal-gv:0.3.2	CDS	#c9c9c9	hypothetical protein	unknown function	None	None	None	None	None	None	None	None	None	None	None	None	None	None	None	None	None	None	None	11
SRR35809155_ctg370|provirus_2896115_2935207_CDS_0035	32646	31693	-	SRR35809155_ctg370|provirus_2896115_2935207	66.2	00	510	83.0	0.258	5.769e-19	No_PHROGs_HMM	No_PHROGs_HMM	No_PHROGs_HMM	No_custom_HMM	No_custom_HMM	No_custom_HMM	510	ab initio prediction:Pyrodigal-gv:0.3.2	CDS	#ffdf59	DNA primase	DNA, RNA and nucleotide metabolism	None	None	None	None	None	None	None	None	None	None	None	None	None	None	None	None	None	None	None	11
SRR35809155_ctg370|provirus_2896115_2935207_CDS_0036	32945	32646	-	SRR35809155_ctg370|provirus_2896115_2935207	23.9	00	No_PHROG	No_PHROG	No_PHROG	No_PHROG	No_PHROGs_HMM	No_PHROGs_HMM	No_PHROGs_HMM	No_custom_HMM	No_custom_HMM	No_custom_HMM	No_PHROG	ab initio prediction:Pyrodigal-gv:0.3.2	CDS	None	hypothetical protein	unknown function	None	None	None	None	None	None	None	None	None	None	None	None	None	None	None	None	None	None	None	11
SRR35809155_ctg370|provirus_2896115_2935207_CDS_0037	33400	32945	-	SRR35809155_ctg370|provirus_2896115_2935207	65.6	00	No_PHROG	No_PHROG	No_PHROG	No_PHROG	No_PHROGs_HMM	No_PHROGs_HMM	No_PHROGs_HMM	No_custom_HMM	No_custom_HMM	No_custom_HMM	No_PHROG	ab initio prediction:Pyrodigal-gv:0.3.2	CDS	None	hypothetical protein	unknown function	None	None	None	None	None	None	None	None	None	None	None	None	None	None	None	None	None	None	None	11
SRR35809155_ctg370|provirus_2896115_2935207_CDS_0038	33642	33397	-	SRR35809155_ctg370|provirus_2896115_2935207	15.2	00	No_PHROG	No_PHROG	No_PHROG	No_PHROG	No_PHROGs_HMM	No_PHROGs_HMM	No_PHROGs_HMM	No_custom_HMM	No_custom_HMM	No_custom_HMM	No_PHROG	ab initio prediction:Pyrodigal-gv:0.3.2	CDS	None	hypothetical protein	unknown function	None	None	None	None	None	None	None	None	None	None	None	None	None	None	None	None	None	None	None	11
SRR35809155_ctg370|provirus_2896115_2935207_CDS_0039	33887	33642	-	SRR35809155_ctg370|provirus_2896115_2935207	16.7	00	No_PHROG	No_PHROG	No_PHROG	No_PHROG	No_PHROGs_HMM	No_PHROGs_HMM	No_PHROGs_HMM	No_custom_HMM	No_custom_HMM	No_custom_HMM	No_PHROG	ab initio prediction:Pyrodigal-gv:0.3.2	CDS	None	hypothetical protein	unknown function	None	None	None	None	None	None	None	None	None	None	None	None	None	None	None	None	None	None	None	11
SRR35809155_ctg370|provirus_2896115_2935207_CDS_0040	33999	34646	+	SRR35809155_ctg370|provirus_2896115_2935207	69.7	00	4	64.0	0.239	6.125e-14	No_PHROGs_HMM	No_PHROGs_HMM	No_PHROGs_HMM	No_custom_HMM	No_custom_HMM	No_custom_HMM	4	ab initio prediction:Pyrodigal-gv:0.3.2	CDS	#a861e3	transcriptional repressor	transcription regulation	None	None	None	None	None	None	None	None	None	None	None	None	None	None	None	None	None	None	None	11
SRR35809155_ctg370|provirus_2896115_2935207_CDS_0041	34712	36028	+	SRR35809155_ctg370|provirus_2896115_2935207	168.6	00	No_PHROG	No_PHROG	No_PHROG	No_PHROG	No_PHROGs_HMM	No_PHROGs_HMM	No_PHROGs_HMM	No_custom_HMM	No_custom_HMM	No_custom_HMM	No_PHROG	ab initio prediction:Pyrodigal-gv:0.3.2	CDS	None	hypothetical protein	unknown function	None	None	None	None	None	None	None	None	None	None	None	None	None	None	None	None	None	None	None	11
SRR35809155_ctg370|provirus_2896115_2935207_CDS_0042	36028	36150	+	SRR35809155_ctg370|provirus_2896115_2935207	7.4	00	No_PHROG	No_PHROG	No_PHROG	No_PHROG	No_PHROGs_HMM	No_PHROGs_HMM	No_PHROGs_HMM	No_custom_HMM	No_custom_HMM	No_custom_HMM	No_PHROG	ab initio prediction:Pyrodigal-gv:0.3.2	CDS	None	hypothetical protein	unknown function	None	None	None	None	None	None	None	None	None	None	None	None	None	None	None	None	None	None	None	11
SRR35809155_ctg370|provirus_2896115_2935207_CDS_0043	36147	36356	+	SRR35809155_ctg370|provirus_2896115_2935207	24.6	00	No_PHROG	No_PHROG	No_PHROG	No_PHROG	No_PHROGs_HMM	No_PHROGs_HMM	No_PHROGs_HMM	No_custom_HMM	No_custom_HMM	No_custom_HMM	No_PHROG	ab initio prediction:Pyrodigal-gv:0.3.2	CDS	None	hypothetical protein	unknown function	None	None	None	None	None	None	None	None	None	None	None	None	None	None	None	None	None	None	None	11
SRR35809155_ctg370|provirus_2896115_2935207_CDS_0044	36353	36598	+	SRR35809155_ctg370|provirus_2896115_2935207	35.9	00	No_PHROG	No_PHROG	No_PHROG	No_PHROG	No_PHROGs_HMM	No_PHROGs_HMM	No_PHROGs_HMM	No_custom_HMM	No_custom_HMM	No_custom_HMM	No_PHROG	ab initio prediction:Pyrodigal-gv:0.3.2	CDS	None	hypothetical protein	unknown function	None	None	None	None	None	None	None	None	None	None	None	None	None	None	None	None	None	None	None	11
SRR35809155_ctg370|provirus_2896115_2935207_CDS_0045	36595	36912	+	SRR35809155_ctg370|provirus_2896115_2935207	40.9	00	No_PHROG	No_PHROG	No_PHROG	No_PHROG	No_PHROGs_HMM	No_PHROGs_HMM	No_PHROGs_HMM	No_custom_HMM	No_custom_HMM	No_custom_HMM	No_PHROG	ab initio prediction:Pyrodigal-gv:0.3.2	CDS	None	hypothetical protein	unknown function	None	None	None	None	None	None	None	None	None	None	None	None	None	None	None	None	None	None	None	11
SRR35809155_ctg370|provirus_2896115_2935207_CDS_0046	36909	37250	+	SRR35809155_ctg370|provirus_2896115_2935207	41.7	00	No_PHROG	No_PHROG	No_PHROG	No_PHROG	No_PHROGs_HMM	No_PHROGs_HMM	No_PHROGs_HMM	No_custom_HMM	No_custom_HMM	No_custom_HMM	No_PHROG	ab initio prediction:Pyrodigal-gv:0.3.2	CDS	None	hypothetical protein	unknown function	None	None	None	None	None	None	None	None	None	None	None	None	None	None	None	None	None	None	None	11
SRR35809155_ctg370|provirus_2896115_2935207_CDS_0047	37247	37369	+	SRR35809155_ctg370|provirus_2896115_2935207	10.7	00	No_PHROG	No_PHROG	No_PHROG	No_PHROG	No_PHROGs_HMM	No_PHROGs_HMM	No_PHROGs_HMM	No_custom_HMM	No_custom_HMM	No_custom_HMM	No_PHROG	ab initio prediction:Pyrodigal-gv:0.3.2	CDS	None	hypothetical protein	unknown function	None	None	None	None	None	None	None	None	None	None	None	None	None	None	None	None	None	None	None	11
SRR35809155_ctg370|provirus_2896115_2935207_CDS_0048	37366	37560	+	SRR35809155_ctg370|provirus_2896115_2935207	11.5	00	No_PHROG	No_PHROG	No_PHROG	No_PHROG	No_PHROGs_HMM	No_PHROGs_HMM	No_PHROGs_HMM	No_custom_HMM	No_custom_HMM	No_custom_HMM	No_PHROG	ab initio prediction:Pyrodigal-gv:0.3.2	CDS	None	hypothetical protein	unknown function	None	None	None	None	None	None	None	None	None	None	None	None	None	None	None	None	None	None	None	11
SRR35809155_ctg370|provirus_2896115_2935207_CDS_0049	37557	37892	+	SRR35809155_ctg370|provirus_2896115_2935207	31.5	00	No_PHROG	No_PHROG	No_PHROG	No_PHROG	No_PHROGs_HMM	No_PHROGs_HMM	No_PHROGs_HMM	No_custom_HMM	No_custom_HMM	No_custom_HMM	No_PHROG	ab initio prediction:Pyrodigal-gv:0.3.2	CDS	None	hypothetical protein	unknown function	None	None	None	None	None	None	None	None	None	None	None	None	None	None	None	None	None	None	None	11
SRR35809155_ctg370|provirus_2896115_2935207_CDS_0050	37915	39093	+	SRR35809155_ctg370|provirus_2896115_2935207	135.6	00	1	71.0	0.194	2.881e-15	No_PHROGs_HMM	No_PHROGs_HMM	No_PHROGs_HMM	No_custom_HMM	No_custom_HMM	No_custom_HMM	1	ab initio prediction:Pyrodigal-gv:0.3.2	CDS	#fea328	integrase	integration and excision	None	None	None	None	None	None	None	None	None	None	None	None	None	None	None	None	None	None	None	11
